accelerator,model,pe_x,pe_y,total_cycle,pe_array_area_mm2,weight_buffer_area_mm2,input_buffer_area_mm2,total_area_mm2,total_macs,dram_energy_mJ,onchip_energy_mJ,total_energy_mJ,edp,log_file
BitMod (Bit-Serial),gpt2-large,30,16,1424247.0,0.43728,0.484009,0.524382,0.43728,,417.58,504.77,922.35,1313658096.38,test_bitmod_x30_y16.log
BitMod (Bit-Serial),gpt2-xl,30,16,1847650.0,0.43728,0.484009,0.524382,0.43728,,539.8,640.13,1179.94,2180107740.44,test_bitmod_x30_y16.log
BitMod (Bit-Serial),microsoft/phi-2,30,16,55290440.0,0.43728,0.484009,0.524382,0.43728,,16322.37,19974.58,36296.96,2006874832502.16,test_bitmod_x30_y16.log
BitMod (Bit-Serial),facebook/opt-2.7b,30,16,55241069.0,0.43728,0.484009,0.524382,0.43728,,16307.85,19956.76,36264.61,2003295719795.18,test_bitmod_x30_y16.log
BitMod (Bit-Serial),meta-llama/Llama-2-7b-hf,30,16,137830050.0,0.43728,0.484009,0.524382,0.43728,,40756.81,49631.85,90388.66,12458272873772.72,test_bitmod_x30_y16.log
BitMod (Bit-Serial),gpt2-large,98,16,1424247.0,1.428448,0.493765,0.524382,1.428448,,417.58,529.05,946.63,1348237715.03,test_bitmod_x98_y16.log
BitMod (Bit-Serial),gpt2-xl,98,16,1847650.0,1.428448,0.493765,0.524382,1.428448,,539.8,688.67,1228.47,2269787835.29,test_bitmod_x98_y16.log
BitMod (Bit-Serial),microsoft/phi-2,98,16,55290440.0,1.428448,0.493765,0.524382,1.428448,,16322.37,19431.41,35753.79,1976842709639.46,test_bitmod_x98_y16.log
BitMod (Bit-Serial),facebook/opt-2.7b,98,16,55241069.0,1.428448,0.493765,0.524382,1.428448,,16307.85,19413.54,35721.39,1973287738444.11,test_bitmod_x98_y16.log
BitMod (Bit-Serial),meta-llama/Llama-2-7b-hf,98,16,137830050.0,1.428448,0.493765,0.524382,1.428448,,40756.81,47571.13,88327.94,12174244441060.73,test_bitmod_x98_y16.log
MixPosit (Bit-Serial + Mixed-Precision),gpt2-large,58,16,1480797.0,0.257984,0.507859,0.524382,0.257984,,427.64,313.59,741.24,1097619985.46,test_flexposit_x58_y16.log
MixPosit (Bit-Serial + Mixed-Precision),gpt2-xl,58,16,1896395.0,0.257984,0.507859,0.524382,0.257984,,551.98,402.4,954.38,1809884337.73,test_flexposit_x58_y16.log
MixPosit (Bit-Serial + Mixed-Precision),microsoft/phi-2,58,16,60744782.0,0.257984,0.507859,0.524382,0.257984,,17906.17,12843.53,30749.7,1867883781807.07,test_flexposit_x58_y16.log
MixPosit (Bit-Serial + Mixed-Precision),facebook/opt-2.7b,58,16,66226156.0,0.257984,0.507859,0.524382,0.257984,,19549.9,13916.85,33466.76,2216374544692.21,test_flexposit_x58_y16.log
MixPosit (Bit-Serial + Mixed-Precision),meta-llama/Llama-2-7b-hf,58,16,172147670.0,0.257984,0.507859,0.524382,0.257984,,50899.24,35733.55,86632.79,14913633356142.24,test_flexposit_x58_y16.log
OLIVE (Non-uniform Quantization),gpt2-large,18,16,3685632.0,0.065664,0.46969,0.467155,0.065664,,800.72,800.68,1601.39,5902143728.88,test_olive_x18_y16.log
OLIVE (Non-uniform Quantization),gpt2-xl,18,16,4646976.0,0.065664,0.46969,0.467155,0.065664,,1009.24,1009.68,2018.92,9381867644.58,test_olive_x18_y16.log
OLIVE (Non-uniform Quantization),microsoft/phi-2,18,16,147792384.0,0.065664,0.46969,0.467155,0.065664,,32584.07,32119.48,64703.54,9562690607064.72,test_olive_x18_y16.log
OLIVE (Non-uniform Quantization),facebook/opt-2.7b,18,16,147659264.0,0.065664,0.46969,0.467155,0.065664,,32555.05,32090.55,64645.61,9545522830097.1,test_olive_x18_y16.log
OLIVE (Non-uniform Quantization),meta-llama/Llama-2-7b-hf,18,16,367845376.0,0.065664,0.46969,0.467155,0.065664,,81291.89,79951.81,161243.7,59312748616971.48,test_olive_x18_y16.log
BitMod (Bit-Serial),gpt2-large,50,16,1424247.0,0.7288,0.524255,0.524382,0.7288,,417.58,504.46,922.04,1313215140.76,test_bitmod_x50_y16.log
BitMod (Bit-Serial),gpt2-xl,50,16,1847650.0,0.7288,0.524255,0.524382,0.7288,,539.8,645.08,1184.88,2189243150.94,test_bitmod_x50_y16.log
BitMod (Bit-Serial),microsoft/phi-2,50,16,55290440.0,0.7288,0.524255,0.524382,0.7288,,16322.37,19492.19,35814.56,1980202946307.26,test_bitmod_x50_y16.log
BitMod (Bit-Serial),facebook/opt-2.7b,50,16,55241069.0,0.7288,0.524255,0.524382,0.7288,,16307.85,19475.43,35783.28,1976706779203.61,test_bitmod_x50_y16.log
BitMod (Bit-Serial),meta-llama/Llama-2-7b-hf,50,16,137830050.0,0.7288,0.524255,0.524382,0.7288,,40756.81,48208.87,88965.68,12262143704668.72,test_bitmod_x50_y16.log
BitMod (Bit-Serial),gpt2-large,26,16,1424247.0,0.378976,0.48107,0.524382,0.378976,,417.58,508.42,926.0,1318857673.08,test_bitmod_x26_y16.log
BitMod (Bit-Serial),gpt2-xl,26,16,1847650.0,0.378976,0.48107,0.524382,0.378976,,539.8,643.64,1183.44,2186583368.54,test_bitmod_x26_y16.log
BitMod (Bit-Serial),microsoft/phi-2,26,16,55290440.0,0.378976,0.48107,0.524382,0.378976,,16322.37,20204.13,36526.5,2019566464046.29,test_bitmod_x26_y16.log
BitMod (Bit-Serial),facebook/opt-2.7b,26,16,55241069.0,0.378976,0.48107,0.524382,0.378976,,16307.85,20185.95,36493.8,2015956368765.61,test_bitmod_x26_y16.log
BitMod (Bit-Serial),meta-llama/Llama-2-7b-hf,26,16,137830050.0,0.378976,0.48107,0.524382,0.378976,,40756.81,50316.31,91073.12,12552612329933.57,test_bitmod_x26_y16.log
MixPosit (Bit-Serial + Mixed-Precision),gpt2-large,34,16,2046935.9999999998,0.151232,0.530335,0.524382,0.151232,,427.64,311.39,739.04,1512758447.94,test_flexposit_x34_y16.log
MixPosit (Bit-Serial + Mixed-Precision),gpt2-xl,34,16,2605272.0,0.151232,0.530335,0.524382,0.151232,,551.98,395.83,947.81,2469304759.5,test_flexposit_x34_y16.log
MixPosit (Bit-Serial + Mixed-Precision),microsoft/phi-2,34,16,86471520.00000001,0.151232,0.530335,0.524382,0.151232,,17906.17,13064.4,30970.57,2678072121328.51,test_flexposit_x34_y16.log
MixPosit (Bit-Serial + Mixed-Precision),facebook/opt-2.7b,34,16,94228832.0,0.151232,0.530335,0.524382,0.151232,,19549.9,14126.05,33675.95,3173245827399.83,test_flexposit_x34_y16.log
MixPosit (Bit-Serial + Mixed-Precision),meta-llama/Llama-2-7b-hf,34,16,243944160.0,0.151232,0.530335,0.524382,0.151232,,50899.24,36449.02,87348.26,21308097821506.88,test_flexposit_x34_y16.log
BitMod (Bit-Serial),gpt2-large,6,16,5451244.0,0.087456,0.46746,0.524382,0.087456,,417.58,624.02,1041.6,5678035846.64,test_bitmod_x6_y16.log
BitMod (Bit-Serial),gpt2-xl,6,16,6882560.0,0.087456,0.46746,0.524382,0.087456,,539.8,783.62,1323.42,9108521430.68,test_bitmod_x6_y16.log
BitMod (Bit-Serial),microsoft/phi-2,6,16,220993696.0,0.087456,0.46746,0.524382,0.087456,,16322.37,25384.9,41707.27,9217043940354.67,test_bitmod_x6_y16.log
BitMod (Bit-Serial),facebook/opt-2.7b,6,16,220795296.0,0.087456,0.46746,0.524382,0.087456,,16307.85,25362.1,41669.95,9200528629345.69,test_bitmod_x6_y16.log
BitMod (Bit-Serial),meta-llama/Llama-2-7b-hf,6,16,551156448.0,0.087456,0.46746,0.524382,0.087456,,40756.81,63318.95,104075.76,57362023498621.43,test_bitmod_x6_y16.log
Baseline (FP16),gpt2-large,24,16,5456734.0,0.361728,0.520647,0.485785,0.361728,,1604.79,960.9,2565.69,14000287415.18,test_baseline_x24_y16.log
Baseline (FP16),gpt2-xl,24,16,6867595.0,0.361728,0.520647,0.485785,0.361728,,2023.31,1218.74,3242.06,22265150123.28,test_baseline_x24_y16.log
Baseline (FP16),microsoft/phi-2,24,16,220404076.0,0.361728,0.520647,0.485785,0.361728,,65179.13,38267.36,103446.5,22800029823614.99,test_baseline_x24_y16.log
Baseline (FP16),facebook/opt-2.7b,24,16,220206503.0,0.361728,0.520647,0.485785,0.361728,,65120.7,38232.88,103353.58,22759130893600.4,test_baseline_x24_y16.log
Baseline (FP16),meta-llama/Llama-2-7b-hf,24,16,549799110.0,0.361728,0.520647,0.485785,0.361728,,162619.32,95357.7,257977.01,141835532718079.1,test_baseline_x24_y16.log
OLIVE (Non-uniform Quantization),gpt2-large,88,16,2777338.0,0.321024,0.48244,0.467155,0.321024,,800.72,744.34,1545.05,4291130367.88,test_olive_x88_y16.log
OLIVE (Non-uniform Quantization),gpt2-xl,88,16,3510287.0,0.321024,0.48244,0.467155,0.321024,,1009.24,964.81,1974.05,6929487658.74,test_olive_x88_y16.log
OLIVE (Non-uniform Quantization),microsoft/phi-2,88,16,110252351.0,0.321024,0.48244,0.467155,0.321024,,32584.07,27671.9,60255.96,6643361700813.82,test_olive_x88_y16.log
OLIVE (Non-uniform Quantization),facebook/opt-2.7b,88,16,110153796.0,0.321024,0.48244,0.467155,0.321024,,32555.05,27648.91,60203.96,6631695269528.44,test_olive_x88_y16.log
OLIVE (Non-uniform Quantization),meta-llama/Llama-2-7b-hf,88,16,274954917.0,0.321024,0.48244,0.467155,0.321024,,81291.89,68068.61,149360.5,41067405136294.34,test_olive_x88_y16.log
BitMod (Bit-Serial),gpt2-large,112,16,1424247.0,1.632512,0.505179,0.524382,1.632512,,417.58,539.88,957.45,1363651510.31,test_bitmod_x112_y16.log
BitMod (Bit-Serial),gpt2-xl,112,16,1847650.0,1.632512,0.505179,0.524382,1.632512,,539.8,705.91,1245.72,2301652770.39,test_bitmod_x112_y16.log
BitMod (Bit-Serial),microsoft/phi-2,112,16,55290440.0,1.632512,0.505179,0.524382,1.632512,,16322.37,19181.61,35503.98,1963030857814.36,test_bitmod_x112_y16.log
BitMod (Bit-Serial),facebook/opt-2.7b,112,16,55241069.0,1.632512,0.505179,0.524382,1.632512,,16307.85,19163.2,35471.05,1959458756743.49,test_bitmod_x112_y16.log
BitMod (Bit-Serial),meta-llama/Llama-2-7b-hf,112,16,137830050.0,1.632512,0.505179,0.524382,1.632512,,40756.81,47901.56,88658.37,12219787836675.99,test_bitmod_x112_y16.log
Baseline (FP16),gpt2-large,92,16,5456734.0,1.386624,0.564391,0.485785,1.386624,,1604.79,955.18,2559.97,13969069509.21,test_baseline_x92_y16.log
Baseline (FP16),gpt2-xl,92,16,6865291.0,1.386624,0.564391,0.485785,1.386624,,2023.31,1239.23,3262.55,22398339774.93,test_baseline_x92_y16.log
Baseline (FP16),microsoft/phi-2,92,16,220404076.0,1.386624,0.564391,0.485785,1.386624,,65179.13,34885.67,100064.8,22054689947622.99,test_baseline_x92_y16.log
Baseline (FP16),facebook/opt-2.7b,92,16,220206503.0,1.386624,0.564391,0.485785,1.386624,,65120.7,34854.97,99975.67,22015293563102.08,test_baseline_x92_y16.log
Baseline (FP16),meta-llama/Llama-2-7b-hf,92,16,549799110.0,1.386624,0.564391,0.485785,1.386624,,162619.32,86963.22,249582.54,137220259552150.53,test_baseline_x92_y16.log
BitMod (Bit-Serial),gpt2-large,36,16,1424247.0,0.524736,0.491009,0.524382,0.524736,,417.58,502.4,919.98,1310281876.4,test_bitmod_x36_y16.log
BitMod (Bit-Serial),gpt2-xl,36,16,1847650.0,0.524736,0.491009,0.524382,0.524736,,539.8,638.76,1178.57,2177577663.51,test_bitmod_x36_y16.log
BitMod (Bit-Serial),microsoft/phi-2,36,16,55290440.0,0.524736,0.491009,0.524382,0.524736,,16322.37,19763.49,36085.86,1995203331867.86,test_bitmod_x36_y16.log
BitMod (Bit-Serial),facebook/opt-2.7b,36,16,55241069.0,0.524736,0.491009,0.524382,0.524736,,16307.85,19745.8,36053.65,1991642071619.43,test_bitmod_x36_y16.log
BitMod (Bit-Serial),meta-llama/Llama-2-7b-hf,36,16,137830050.0,0.524736,0.491009,0.524382,0.524736,,40756.81,48935.4,89692.21,12362281406651.5,test_bitmod_x36_y16.log
MixPosit (Bit-Serial + Mixed-Precision),gpt2-large,68,16,1480797.0,0.302464,0.518535,0.524382,0.302464,,427.64,314.01,741.66,1098243372.22,test_flexposit_x68_y16.log
MixPosit (Bit-Serial + Mixed-Precision),gpt2-xl,68,16,1896395.0,0.302464,0.518535,0.524382,0.302464,,551.98,404.48,956.46,1813825572.19,test_flexposit_x68_y16.log
MixPosit (Bit-Serial + Mixed-Precision),microsoft/phi-2,68,16,60744782.0,0.302464,0.518535,0.524382,0.302464,,17906.17,12613.05,30519.22,1853883180372.59,test_flexposit_x68_y16.log
MixPosit (Bit-Serial + Mixed-Precision),facebook/opt-2.7b,68,16,66226156.0,0.302464,0.518535,0.524382,0.302464,,19549.9,13675.72,33225.62,2200405080539.23,test_flexposit_x68_y16.log
MixPosit (Bit-Serial + Mixed-Precision),meta-llama/Llama-2-7b-hf,68,16,172147670.0,0.302464,0.518535,0.524382,0.302464,,50899.24,35452.46,86351.7,14865243646508.19,test_flexposit_x68_y16.log
Baseline (FP16),gpt2-large,74,16,5456734.0,1.115328,0.528669,0.485785,1.115328,,1604.79,943.83,2548.62,13907125886.68,test_baseline_x74_y16.log
Baseline (FP16),gpt2-xl,74,16,6865291.0,1.115328,0.528669,0.485785,1.115328,,2023.31,1216.67,3239.99,22243440494.85,test_baseline_x74_y16.log
Baseline (FP16),microsoft/phi-2,74,16,220404076.0,1.115328,0.528669,0.485785,1.115328,,65179.13,35372.09,100551.22,22161899249961.0,test_baseline_x74_y16.log
Baseline (FP16),facebook/opt-2.7b,74,16,220206503.0,1.115328,0.528669,0.485785,1.115328,,65120.7,35342.03,100462.73,22122546966286.74,test_baseline_x74_y16.log
Baseline (FP16),meta-llama/Llama-2-7b-hf,74,16,549799110.0,1.115328,0.528669,0.485785,1.115328,,162619.32,87975.25,250594.57,137776672832848.64,test_baseline_x74_y16.log
BitMod (Bit-Serial),gpt2-large,76,16,1424247.0,1.107776,0.542996,0.524382,1.107776,,417.58,516.14,933.72,1329841929.89,test_bitmod_x76_y16.log
BitMod (Bit-Serial),gpt2-xl,76,16,1847650.0,1.107776,0.542996,0.524382,1.107776,,539.8,666.6,1206.4,2229013857.31,test_bitmod_x76_y16.log
BitMod (Bit-Serial),microsoft/phi-2,76,16,55290440.0,1.107776,0.542996,0.524382,1.107776,,16322.37,19191.18,35513.56,1963560169500.47,test_bitmod_x76_y16.log
BitMod (Bit-Serial),facebook/opt-2.7b,76,16,55241069.0,1.107776,0.542996,0.524382,1.107776,,16307.85,19174.44,35482.29,1960079699507.78,test_bitmod_x76_y16.log
BitMod (Bit-Serial),meta-llama/Llama-2-7b-hf,76,16,137830050.0,1.107776,0.542996,0.524382,1.107776,,40756.81,47572.79,88329.6,12174473426265.8,test_bitmod_x76_y16.log
OLIVE (Non-uniform Quantization),gpt2-large,74,16,2777338.0,0.269952,0.539642,0.467155,0.269952,,800.72,733.05,1533.77,4259795825.95,test_olive_x74_y16.log
OLIVE (Non-uniform Quantization),gpt2-xl,74,16,3510287.0,0.269952,0.539642,0.467155,0.269952,,1009.24,945.41,1954.65,6861375178.35,test_olive_x74_y16.log
OLIVE (Non-uniform Quantization),microsoft/phi-2,74,16,110252351.0,0.269952,0.539642,0.467155,0.269952,,32584.07,27428.32,60012.38,6616506254497.01,test_olive_x74_y16.log
OLIVE (Non-uniform Quantization),facebook/opt-2.7b,74,16,110153796.0,0.269952,0.539642,0.467155,0.269952,,32555.05,27405.03,59960.09,6604831272389.08,test_olive_x74_y16.log
OLIVE (Non-uniform Quantization),meta-llama/Llama-2-7b-hf,74,16,274954917.0,0.269952,0.539642,0.467155,0.269952,,81291.89,68213.84,149505.73,41107335859188.47,test_olive_x74_y16.log
MixPosit (Bit-Serial + Mixed-Precision),gpt2-large,106,16,1480797.0,0.471488,0.597357,0.524382,0.471488,,427.64,324.14,751.78,1113238829.08,test_flexposit_x106_y16.log
MixPosit (Bit-Serial + Mixed-Precision),gpt2-xl,106,16,1896395.0,0.471488,0.597357,0.524382,0.471488,,551.98,423.14,975.12,1849206488.09,test_flexposit_x106_y16.log
MixPosit (Bit-Serial + Mixed-Precision),microsoft/phi-2,106,16,60744782.0,0.471488,0.597357,0.524382,0.471488,,17906.17,12603.37,30509.54,1853295655169.81,test_flexposit_x106_y16.log
MixPosit (Bit-Serial + Mixed-Precision),facebook/opt-2.7b,106,16,66226156.0,0.471488,0.597357,0.524382,0.471488,,19549.9,13678.11,33228.01,2200563201377.41,test_flexposit_x106_y16.log
MixPosit (Bit-Serial + Mixed-Precision),meta-llama/Llama-2-7b-hf,106,16,172147670.0,0.471488,0.597357,0.524382,0.471488,,50899.24,34837.09,85736.33,14759310068621.78,test_flexposit_x106_y16.log
OLIVE (Non-uniform Quantization),gpt2-large,108,16,2777338.0,0.393984,0.504615,0.467155,0.393984,,800.72,757.02,1557.74,4326363795.83,test_olive_x108_y16.log
OLIVE (Non-uniform Quantization),gpt2-xl,108,16,3510287.0,0.393984,0.504615,0.467155,0.393984,,1009.24,988.02,1997.26,7010938511.35,test_olive_x108_y16.log
OLIVE (Non-uniform Quantization),microsoft/phi-2,108,16,110252351.0,0.393984,0.504615,0.467155,0.393984,,32584.07,27111.26,59695.32,6581549490346.35,test_olive_x108_y16.log
OLIVE (Non-uniform Quantization),facebook/opt-2.7b,108,16,110153796.0,0.393984,0.504615,0.467155,0.393984,,32555.05,27086.2,59641.25,6569710299055.13,test_olive_x108_y16.log
OLIVE (Non-uniform Quantization),meta-llama/Llama-2-7b-hf,108,16,274954917.0,0.393984,0.504615,0.467155,0.393984,,81291.89,67021.6,148313.5,40779524757119.51,test_olive_x108_y16.log
Baseline (FP16),gpt2-large,70,16,5456734.0,1.05504,0.522987,0.485785,1.05504,,1604.79,941.67,2546.47,13895391186.84,test_baseline_x70_y16.log
Baseline (FP16),gpt2-xl,70,16,6865291.0,1.05504,0.522987,0.485785,1.05504,,2023.31,1212.13,3235.45,22212297683.99,test_baseline_x70_y16.log
Baseline (FP16),microsoft/phi-2,70,16,220404076.0,1.05504,0.522987,0.485785,1.05504,,65179.13,35517.54,100696.67,22193957241112.32,test_baseline_x70_y16.log
Baseline (FP16),facebook/opt-2.7b,70,16,220206503.0,1.05504,0.522987,0.485785,1.05504,,65120.7,35486.65,100607.35,22154393334491.0,test_baseline_x70_y16.log
Baseline (FP16),meta-llama/Llama-2-7b-hf,70,16,549799110.0,1.05504,0.522987,0.485785,1.05504,,162619.32,88291.65,250910.97,137950629602179.36,test_baseline_x70_y16.log
OLIVE (Non-uniform Quantization),gpt2-large,120,16,2777338.0,0.43776,0.51017,0.467155,0.43776,,800.72,767.47,1568.19,4355390304.66,test_olive_x120_y16.log
OLIVE (Non-uniform Quantization),gpt2-xl,120,16,3510287.0,0.43776,0.51017,0.467155,0.43776,,1009.24,1005.34,2014.58,7071762660.07,test_olive_x120_y16.log
OLIVE (Non-uniform Quantization),microsoft/phi-2,120,16,110252351.0,0.43776,0.51017,0.467155,0.43776,,32584.07,27478.91,60062.98,6622084671234.22,test_olive_x120_y16.log
OLIVE (Non-uniform Quantization),facebook/opt-2.7b,120,16,110153796.0,0.43776,0.51017,0.467155,0.43776,,32555.05,27454.16,60009.21,6610242680516.13,test_olive_x120_y16.log
OLIVE (Non-uniform Quantization),meta-llama/Llama-2-7b-hf,120,16,274954917.0,0.43776,0.51017,0.467155,0.43776,,81291.89,67924.07,149215.96,41027662861322.09,test_olive_x120_y16.log
OLIVE (Non-uniform Quantization),gpt2-large,58,16,2777338.0,0.211584,0.519264,0.467155,0.211584,,800.72,730.97,1531.69,4254012477.02,test_olive_x58_y16.log
OLIVE (Non-uniform Quantization),gpt2-xl,58,16,3510287.0,0.211584,0.519264,0.467155,0.211584,,1009.24,936.99,1946.23,6831834180.14,test_olive_x58_y16.log
OLIVE (Non-uniform Quantization),microsoft/phi-2,58,16,110252351.0,0.211584,0.519264,0.467155,0.211584,,32584.07,28071.77,60655.84,6687448410668.62,test_olive_x58_y16.log
OLIVE (Non-uniform Quantization),facebook/opt-2.7b,58,16,110153796.0,0.211584,0.519264,0.467155,0.211584,,32555.05,28046.99,60602.04,6675544721709.99,test_olive_x58_y16.log
OLIVE (Non-uniform Quantization),meta-llama/Llama-2-7b-hf,58,16,274954917.0,0.211584,0.519264,0.467155,0.211584,,81291.89,69311.39,150603.28,41409113373291.32,test_olive_x58_y16.log
OLIVE (Non-uniform Quantization),gpt2-large,72,16,2777338.0,0.262656,0.535461,0.467155,0.262656,,800.72,732.13,1532.85,4257235976.09,test_olive_x72_y16.log
OLIVE (Non-uniform Quantization),gpt2-xl,72,16,3510287.0,0.262656,0.535461,0.467155,0.262656,,1009.24,943.52,1952.76,6854743064.53,test_olive_x72_y16.log
OLIVE (Non-uniform Quantization),microsoft/phi-2,72,16,110252351.0,0.262656,0.535461,0.467155,0.262656,,32584.07,27484.13,60068.19,6622659564141.85,test_olive_x72_y16.log
OLIVE (Non-uniform Quantization),facebook/opt-2.7b,72,16,110153796.0,0.262656,0.535461,0.467155,0.262656,,32555.05,27459.6,60014.66,6610842448270.36,test_olive_x72_y16.log
OLIVE (Non-uniform Quantization),meta-llama/Llama-2-7b-hf,72,16,274954917.0,0.262656,0.535461,0.467155,0.262656,,81291.89,67929.36,149221.25,41029116312470.81,test_olive_x72_y16.log
Baseline (FP16),gpt2-large,30,16,5456734.0,0.45216,0.520078,0.485785,0.45216,,1604.79,949.43,2554.22,13937721724.68,test_baseline_x30_y16.log
Baseline (FP16),gpt2-xl,30,16,6865291.0,0.45216,0.520078,0.485785,0.45216,,2023.31,1203.22,3226.53,22151075364.18,test_baseline_x30_y16.log
Baseline (FP16),microsoft/phi-2,30,16,220404076.0,0.45216,0.520078,0.485785,0.45216,,65179.13,37625.29,102804.43,22658514922223.94,test_baseline_x30_y16.log
Baseline (FP16),facebook/opt-2.7b,30,16,220206503.0,0.45216,0.520078,0.485785,0.45216,,65120.7,37591.71,102712.41,22617941136353.83,test_baseline_x30_y16.log
Baseline (FP16),meta-llama/Llama-2-7b-hf,30,16,549799110.0,0.45216,0.520078,0.485785,0.45216,,162619.32,93502.14,256121.46,140815349005453.25,test_baseline_x30_y16.log
MixPosit (Bit-Serial + Mixed-Precision),gpt2-large,88,16,1480797.0,0.391424,0.55555,0.524382,0.391424,,427.64,318.35,746.0,1104673931.96,test_flexposit_x88_y16.log
MixPosit (Bit-Serial + Mixed-Precision),gpt2-xl,88,16,1896395.0,0.391424,0.55555,0.524382,0.391424,,551.98,413.06,965.03,1830083529.12,test_flexposit_x88_y16.log
MixPosit (Bit-Serial + Mixed-Precision),microsoft/phi-2,88,16,60744782.0,0.391424,0.55555,0.524382,0.391424,,17906.17,12636.63,30542.8,1855315629512.15,test_flexposit_x88_y16.log
MixPosit (Bit-Serial + Mixed-Precision),facebook/opt-2.7b,88,16,66226156.0,0.391424,0.55555,0.524382,0.391424,,19549.9,13710.65,33260.55,2202718295460.17,test_flexposit_x88_y16.log
MixPosit (Bit-Serial + Mixed-Precision),meta-llama/Llama-2-7b-hf,88,16,172147670.0,0.391424,0.55555,0.524382,0.391424,,50899.24,35090.13,85989.37,14802870010082.54,test_flexposit_x88_y16.log
BitMod (Bit-Serial),gpt2-large,34,16,1424247.0,0.495584,0.48897,0.524382,0.495584,,417.58,502.9,920.48,1310992002.95,test_bitmod_x34_y16.log
BitMod (Bit-Serial),gpt2-xl,34,16,1847650.0,0.495584,0.48897,0.524382,0.495584,,539.8,638.85,1178.66,2177747297.11,test_bitmod_x34_y16.log
BitMod (Bit-Serial),microsoft/phi-2,34,16,55290440.0,0.495584,0.48897,0.524382,0.495584,,16322.37,19807.68,36130.05,1997646607704.16,test_bitmod_x34_y16.log
BitMod (Bit-Serial),facebook/opt-2.7b,34,16,55241069.0,0.495584,0.48897,0.524382,0.495584,,16307.85,19790.25,36098.1,1994097445895.3,test_bitmod_x34_y16.log
BitMod (Bit-Serial),meta-llama/Llama-2-7b-hf,34,16,137830050.0,0.495584,0.48897,0.524382,0.495584,,40756.81,49193.48,89950.29,12397852302310.48,test_bitmod_x34_y16.log
OLIVE (Non-uniform Quantization),gpt2-large,54,16,2777338.0,0.196992,0.51287,0.467155,0.196992,,800.72,731.49,1532.21,4255461575.9,test_olive_x54_y16.log
OLIVE (Non-uniform Quantization),gpt2-xl,54,16,3510287.0,0.196992,0.51287,0.467155,0.196992,,1009.24,936.19,1945.43,6829014664.01,test_olive_x54_y16.log
OLIVE (Non-uniform Quantization),microsoft/phi-2,54,16,110252351.0,0.196992,0.51287,0.467155,0.196992,,32584.07,28127.53,60711.6,6693596572893.44,test_olive_x54_y16.log
OLIVE (Non-uniform Quantization),facebook/opt-2.7b,54,16,110153796.0,0.196992,0.51287,0.467155,0.196992,,32555.05,28101.46,60656.51,6681544920532.46,test_olive_x54_y16.log
OLIVE (Non-uniform Quantization),meta-llama/Llama-2-7b-hf,54,16,274954917.0,0.196992,0.51287,0.467155,0.196992,,81291.89,69625.31,150917.2,41495426264998.7,test_olive_x54_y16.log
MixPosit (Bit-Serial + Mixed-Precision),gpt2-large,96,16,1480797.0,0.427008,0.572565,0.524382,0.427008,,427.64,320.53,748.18,1107900183.24,test_flexposit_x96_y16.log
MixPosit (Bit-Serial + Mixed-Precision),gpt2-xl,96,16,1896395.0,0.427008,0.572565,0.524382,0.427008,,551.98,417.04,969.02,1837646975.78,test_flexposit_x96_y16.log
MixPosit (Bit-Serial + Mixed-Precision),microsoft/phi-2,96,16,60744782.0,0.427008,0.572565,0.524382,0.427008,,17906.17,12455.05,30361.22,1844285977140.56,test_flexposit_x96_y16.log
MixPosit (Bit-Serial + Mixed-Precision),facebook/opt-2.7b,96,16,66226156.0,0.427008,0.572565,0.524382,0.427008,,19549.9,13514.86,33064.76,2189751832988.93,test_flexposit_x96_y16.log
MixPosit (Bit-Serial + Mixed-Precision),meta-llama/Llama-2-7b-hf,96,16,172147670.0,0.427008,0.572565,0.524382,0.427008,,50899.24,34901.14,85800.38,14770335406057.56,test_flexposit_x96_y16.log
Baseline (FP16),gpt2-large,76,16,5456734.0,1.145472,0.531789,0.485785,1.145472,,1604.79,944.36,2549.15,13910060317.17,test_baseline_x76_y16.log
Baseline (FP16),gpt2-xl,76,16,6865291.0,1.145472,0.531789,0.485785,1.145472,,2023.31,1218.27,3241.58,22254388523.06,test_baseline_x76_y16.log
Baseline (FP16),microsoft/phi-2,76,16,220404076.0,1.145472,0.531789,0.485785,1.145472,,65179.13,35230.19,100409.32,22130624335079.6,test_baseline_x76_y16.log
Baseline (FP16),facebook/opt-2.7b,76,16,220206503.0,1.145472,0.531789,0.485785,1.145472,,65120.7,35199.43,100320.13,22091145861416.28,test_baseline_x76_y16.log
Baseline (FP16),meta-llama/Llama-2-7b-hf,76,16,549799110.0,1.145472,0.531789,0.485785,1.145472,,162619.32,87351.04,249970.36,137433480853886.38,test_baseline_x76_y16.log
BitMod (Bit-Serial),gpt2-large,18,16,1871076.0,0.262368,0.46969,0.524382,0.262368,,417.58,518.93,936.51,1752285389.58,test_bitmod_x18_y16.log
BitMod (Bit-Serial),gpt2-xl,18,16,2406912.0,0.262368,0.46969,0.524382,0.262368,,539.8,654.74,1194.54,2875158423.2,test_bitmod_x18_y16.log
BitMod (Bit-Serial),microsoft/phi-2,18,16,74034784.0,0.262368,0.46969,0.524382,0.262368,,16322.37,20797.59,37119.97,2748168721374.63,test_bitmod_x18_y16.log
BitMod (Bit-Serial),facebook/opt-2.7b,18,16,73968224.0,0.262368,0.46969,0.524382,0.262368,,16307.85,20778.86,37086.72,2743238458319.46,test_bitmod_x18_y16.log
BitMod (Bit-Serial),meta-llama/Llama-2-7b-hf,18,16,184158944.0,0.262368,0.46969,0.524382,0.262368,,40756.81,51766.33,92523.14,17038963239285.85,test_bitmod_x18_y16.log
OLIVE (Non-uniform Quantization),gpt2-large,106,16,2777338.0,0.386688,0.502398,0.467155,0.386688,,800.72,755.92,1556.64,4323315424.37,test_olive_x106_y16.log
OLIVE (Non-uniform Quantization),gpt2-xl,106,16,3510287.0,0.386688,0.502398,0.467155,0.386688,,1009.24,985.91,1995.15,7003545221.8,test_olive_x106_y16.log
OLIVE (Non-uniform Quantization),microsoft/phi-2,106,16,110252351.0,0.386688,0.502398,0.467155,0.386688,,32584.07,27517.4,60101.46,6626327787805.18,test_olive_x106_y16.log
OLIVE (Non-uniform Quantization),facebook/opt-2.7b,106,16,110153796.0,0.386688,0.502398,0.467155,0.386688,,32555.05,27492.77,60047.82,6614495727392.19,test_olive_x106_y16.log
OLIVE (Non-uniform Quantization),meta-llama/Llama-2-7b-hf,106,16,274954917.0,0.386688,0.502398,0.467155,0.386688,,81291.89,67344.56,148636.45,40868322442457.89,test_olive_x106_y16.log
MixPosit (Bit-Serial + Mixed-Precision),gpt2-large,64,16,1480797.0,0.284672,0.514181,0.524382,0.284672,,427.64,313.73,741.38,1097830958.36,test_flexposit_x64_y16.log
MixPosit (Bit-Serial + Mixed-Precision),gpt2-xl,64,16,1896395.0,0.284672,0.514181,0.524382,0.284672,,551.98,403.51,955.49,1811989234.73,test_flexposit_x64_y16.log
MixPosit (Bit-Serial + Mixed-Precision),microsoft/phi-2,64,16,60744782.0,0.284672,0.514181,0.524382,0.284672,,17906.17,12589.12,30495.29,1852429513320.55,test_flexposit_x64_y16.log
MixPosit (Bit-Serial + Mixed-Precision),facebook/opt-2.7b,64,16,66226156.0,0.284672,0.514181,0.524382,0.284672,,19549.9,13646.54,33196.44,2198472554656.18,test_flexposit_x64_y16.log
MixPosit (Bit-Serial + Mixed-Precision),meta-llama/Llama-2-7b-hf,64,16,172147670.0,0.284672,0.514181,0.524382,0.284672,,50899.24,35362.78,86262.02,14849805840262.07,test_flexposit_x64_y16.log
MixPosit (Bit-Serial + Mixed-Precision),gpt2-large,30,16,2305400.0,0.13344,0.520078,0.524382,0.13344,,427.64,314.05,741.69,1709891543.93,test_flexposit_x30_y16.log
MixPosit (Bit-Serial + Mixed-Precision),gpt2-xl,30,16,2928351.9999999995,0.13344,0.520078,0.524382,0.13344,,551.98,398.53,950.51,2783427832.75,test_flexposit_x30_y16.log
MixPosit (Bit-Serial + Mixed-Precision),microsoft/phi-2,30,16,97850976.00000001,0.13344,0.520078,0.524382,0.13344,,17906.17,13228.49,31134.66,3046557240801.71,test_flexposit_x30_y16.log
MixPosit (Bit-Serial + Mixed-Precision),facebook/opt-2.7b,30,16,106630496.0,0.13344,0.520078,0.524382,0.13344,,19549.9,14292.67,33842.57,3608650268411.51,test_flexposit_x30_y16.log
MixPosit (Bit-Serial + Mixed-Precision),meta-llama/Llama-2-7b-hf,30,16,276205280.0,0.13344,0.520078,0.524382,0.13344,,50899.24,36884.71,87783.95,24246391766141.25,test_flexposit_x30_y16.log
BitMod (Bit-Serial),gpt2-large,60,16,1424247.0,0.87456,0.520078,0.524382,0.87456,,417.58,509.33,926.91,1320146516.44,test_bitmod_x60_y16.log
BitMod (Bit-Serial),gpt2-xl,60,16,1847650.0,0.87456,0.520078,0.524382,0.87456,,539.8,653.83,1193.63,2205415959.15,test_bitmod_x60_y16.log
BitMod (Bit-Serial),microsoft/phi-2,60,16,55290440.0,0.87456,0.520078,0.524382,0.87456,,16322.37,19340.74,35663.12,1971829386873.48,test_bitmod_x60_y16.log
BitMod (Bit-Serial),facebook/opt-2.7b,60,16,55241069.0,0.87456,0.520078,0.524382,0.87456,,16307.85,19322.97,35630.82,1968284818228.25,test_bitmod_x60_y16.log
BitMod (Bit-Serial),meta-llama/Llama-2-7b-hf,60,16,137830050.0,0.87456,0.520078,0.524382,0.87456,,40756.81,48264.22,89021.03,12269773457508.3,test_bitmod_x60_y16.log
BitMod (Bit-Serial),gpt2-large,24,16,1424356.0,0.349824,0.500401,0.524382,0.349824,,417.58,507.59,925.17,1317770761.96,test_bitmod_x24_y16.log
BitMod (Bit-Serial),gpt2-xl,24,16,1848512.0,0.349824,0.500401,0.524382,0.349824,,539.8,644.21,1184.01,2188664902.43,test_bitmod_x24_y16.log
BitMod (Bit-Serial),microsoft/phi-2,24,16,55511904.0,0.349824,0.500401,0.524382,0.349824,,16322.37,20190.3,36512.68,2026888249306.34,test_bitmod_x24_y16.log
BitMod (Bit-Serial),facebook/opt-2.7b,24,16,55461984.0,0.349824,0.500401,0.524382,0.349824,,16307.85,20172.11,36479.96,2023250791534.59,test_bitmod_x24_y16.log
BitMod (Bit-Serial),meta-llama/Llama-2-7b-hf,24,16,138214112.0,0.349824,0.500401,0.524382,0.349824,,40756.81,50309.15,91065.96,12586600922963.7,test_bitmod_x24_y16.log
OLIVE (Non-uniform Quantization),gpt2-large,68,16,2777338.0,0.248064,0.530335,0.467155,0.248064,,800.72,731.23,1531.94,4254725599.98,test_olive_x68_y16.log
OLIVE (Non-uniform Quantization),gpt2-xl,68,16,3510287.0,0.248064,0.530335,0.467155,0.248064,,1009.24,940.94,1950.18,6845679268.64,test_olive_x68_y16.log
OLIVE (Non-uniform Quantization),microsoft/phi-2,68,16,110252351.0,0.248064,0.530335,0.467155,0.248064,,32584.07,27524.23,60108.3,6627081135148.97,test_olive_x68_y16.log
OLIVE (Non-uniform Quantization),facebook/opt-2.7b,68,16,110153796.0,0.248064,0.530335,0.467155,0.248064,,32555.05,27500.91,60055.97,6615392723086.92,test_olive_x68_y16.log
OLIVE (Non-uniform Quantization),meta-llama/Llama-2-7b-hf,68,16,274954917.0,0.248064,0.530335,0.467155,0.248064,,81291.89,68603.16,149895.05,41214381806935.05,test_olive_x68_y16.log
BitMod (Bit-Serial),gpt2-large,106,16,1424247.0,1.545056,0.502398,0.524382,1.545056,,417.58,534.47,952.05,1355947680.11,test_bitmod_x106_y16.log
BitMod (Bit-Serial),gpt2-xl,106,16,1847650.0,1.545056,0.502398,0.524382,1.545056,,539.8,697.57,1237.38,2286242576.57,test_bitmod_x106_y16.log
BitMod (Bit-Serial),microsoft/phi-2,106,16,55290440.0,1.545056,0.502398,0.524382,1.545056,,16322.37,19421.94,35744.32,1976319027863.79,test_bitmod_x106_y16.log
BitMod (Bit-Serial),facebook/opt-2.7b,106,16,55241069.0,1.545056,0.502398,0.524382,1.545056,,16307.85,19404.56,35712.41,1972791736140.24,test_bitmod_x106_y16.log
BitMod (Bit-Serial),meta-llama/Llama-2-7b-hf,106,16,137830050.0,1.545056,0.502398,0.524382,1.545056,,40756.81,47521.18,88277.99,12167359800543.82,test_bitmod_x106_y16.log
Baseline (FP16),gpt2-large,118,16,5456734.0,1.778496,0.610255,0.485785,1.778496,,1604.79,985.72,2590.51,14135737464.53,test_baseline_x118_y16.log
Baseline (FP16),gpt2-xl,118,16,6865291.0,1.778496,0.610255,0.485785,1.778496,,2023.31,1289.38,3312.69,22742613708.69,test_baseline_x118_y16.log
Baseline (FP16),microsoft/phi-2,118,16,220404076.0,1.778496,0.610255,0.485785,1.778496,,65179.13,35075.79,100254.92,22096593369915.26,test_baseline_x118_y16.log
Baseline (FP16),facebook/opt-2.7b,118,16,220206503.0,1.778496,0.610255,0.485785,1.778496,,65120.7,35048.0,100168.71,22057801095134.43,test_baseline_x118_y16.log
Baseline (FP16),meta-llama/Llama-2-7b-hf,118,16,549799110.0,1.778496,0.610255,0.485785,1.778496,,162619.32,87149.91,249769.23,137322899480915.61,test_baseline_x118_y16.log
Baseline (FP16),gpt2-large,86,16,5456734.0,1.296192,0.551187,0.485785,1.296192,,1604.79,950.41,2555.2,13943036002.22,test_baseline_x86_y16.log
Baseline (FP16),gpt2-xl,86,16,6865291.0,1.296192,0.551187,0.485785,1.296192,,2023.31,1230.47,3253.79,22338184084.43,test_baseline_x86_y16.log
Baseline (FP16),microsoft/phi-2,86,16,220404076.0,1.296192,0.551187,0.485785,1.296192,,65179.13,35033.53,100212.67,22087280020936.41,test_baseline_x86_y16.log
Baseline (FP16),facebook/opt-2.7b,86,16,220206503.0,1.296192,0.551187,0.485785,1.296192,,65120.7,35001.91,100122.62,22047651710963.14,test_baseline_x86_y16.log
Baseline (FP16),meta-llama/Llama-2-7b-hf,86,16,549799110.0,1.296192,0.551187,0.485785,1.296192,,162619.32,86991.41,249610.73,137235756759556.05,test_baseline_x86_y16.log
MixPosit (Bit-Serial + Mixed-Precision),gpt2-large,18,16,3777772.799999993,0.080064,0.491009,0.524382,0.080064,,427.64,327.8,755.45,2853915946.21,test_flexposit_x18_y16.log
MixPosit (Bit-Serial + Mixed-Precision),gpt2-xl,18,16,4763150.399999991,0.080064,0.491009,0.524382,0.080064,,551.98,413.91,965.89,4600656805.54,test_flexposit_x18_y16.log
MixPosit (Bit-Serial + Mixed-Precision),microsoft/phi-2,18,16,162602080.00000003,0.080064,0.491009,0.524382,0.080064,,17906.17,13937.35,31843.52,5177822061896.53,test_flexposit_x18_y16.log
MixPosit (Bit-Serial + Mixed-Precision),facebook/opt-2.7b,18,16,177203552.0,0.080064,0.491009,0.524382,0.080064,,19549.9,15002.86,34552.76,6122871429071.65,test_flexposit_x18_y16.log
MixPosit (Bit-Serial + Mixed-Precision),meta-llama/Llama-2-7b-hf,18,16,459834080.0,0.080064,0.491009,0.524382,0.080064,,50899.24,38719.49,89618.73,41209748179613.33,test_flexposit_x18_y16.log
Baseline (FP16),gpt2-large,104,16,5456734.0,1.567488,0.592286,0.485785,1.567488,,1604.79,966.17,2570.96,14029061849.36,test_baseline_x104_y16.log
Baseline (FP16),gpt2-xl,104,16,6865291.0,1.567488,0.592286,0.485785,1.567488,,2023.31,1258.6,3281.91,22531281863.12,test_baseline_x104_y16.log
Baseline (FP16),microsoft/phi-2,104,16,220404076.0,1.567488,0.592286,0.485785,1.567488,,65179.13,34941.66,100120.79,22067030234325.46,test_baseline_x104_y16.log
Baseline (FP16),facebook/opt-2.7b,104,16,220206503.0,1.567488,0.592286,0.485785,1.567488,,65120.7,34910.59,100031.3,22027542298475.22,test_baseline_x104_y16.log
Baseline (FP16),meta-llama/Llama-2-7b-hf,104,16,549799110.0,1.567488,0.592286,0.485785,1.567488,,162619.32,86780.38,249399.7,137119732028970.95,test_baseline_x104_y16.log
MixPosit (Bit-Serial + Mixed-Precision),gpt2-large,62,16,1480797.0,0.275776,0.512752,0.524382,0.275776,,427.64,313.6,741.25,1097636919.83,test_flexposit_x62_y16.log
MixPosit (Bit-Serial + Mixed-Precision),gpt2-xl,62,16,1896395.0,0.275776,0.512752,0.524382,0.275776,,551.98,403.04,955.02,1811091381.63,test_flexposit_x62_y16.log
MixPosit (Bit-Serial + Mixed-Precision),microsoft/phi-2,62,16,60744782.0,0.275776,0.512752,0.524382,0.275776,,17906.17,12770.79,30676.96,1863465289206.83,test_flexposit_x62_y16.log
MixPosit (Bit-Serial + Mixed-Precision),facebook/opt-2.7b,62,16,66226156.0,0.275776,0.512752,0.524382,0.275776,,19549.9,13841.46,33391.36,2211381354058.94,test_flexposit_x62_y16.log
MixPosit (Bit-Serial + Mixed-Precision),meta-llama/Llama-2-7b-hf,62,16,172147670.0,0.275776,0.512752,0.524382,0.275776,,50899.24,35745.51,86644.76,14915692918284.87,test_flexposit_x62_y16.log
OLIVE (Non-uniform Quantization),gpt2-large,92,16,2777338.0,0.335616,0.486951,0.467155,0.335616,,800.72,746.53,1547.24,4297220062.86,test_olive_x92_y16.log
OLIVE (Non-uniform Quantization),gpt2-xl,92,16,3510287.0,0.335616,0.486951,0.467155,0.335616,,1009.24,969.02,1978.26,6944266414.2,test_olive_x92_y16.log
OLIVE (Non-uniform Quantization),microsoft/phi-2,92,16,110252351.0,0.335616,0.486951,0.467155,0.335616,,32584.07,27214.06,59798.13,6592884131234.74,test_olive_x92_y16.log
OLIVE (Non-uniform Quantization),facebook/opt-2.7b,92,16,110153796.0,0.335616,0.486951,0.467155,0.335616,,32555.05,27190.12,59745.18,6581158154226.49,test_olive_x92_y16.log
OLIVE (Non-uniform Quantization),meta-llama/Llama-2-7b-hf,92,16,274954917.0,0.335616,0.486951,0.467155,0.335616,,81291.89,67838.51,149130.4,41004136986733.57,test_olive_x92_y16.log
Baseline (FP16),gpt2-large,60,16,5456734.0,0.90432,0.51017,0.485785,0.90432,,1604.79,942.43,2547.22,13899506693.63,test_baseline_x60_y16.log
Baseline (FP16),gpt2-xl,60,16,6865291.0,0.90432,0.51017,0.485785,0.90432,,2023.31,1208.48,3231.8,22187224621.06,test_baseline_x60_y16.log
Baseline (FP16),microsoft/phi-2,60,16,220404076.0,0.90432,0.51017,0.485785,0.90432,,65179.13,35894.15,101073.29,22276964148633.44,test_baseline_x60_y16.log
Baseline (FP16),facebook/opt-2.7b,60,16,220206503.0,0.90432,0.51017,0.485785,0.90432,,65120.7,35861.2,100981.91,22236872319666.01,test_baseline_x60_y16.log
Baseline (FP16),meta-llama/Llama-2-7b-hf,60,16,549799110.0,0.90432,0.51017,0.485785,0.90432,,162619.32,89574.31,252193.63,138655831161425.25,test_baseline_x60_y16.log
Baseline (FP16),gpt2-large,56,16,5456734.0,0.844032,0.505179,0.485785,0.844032,,1604.79,944.0,2548.79,13908066441.82,test_baseline_x56_y16.log
Baseline (FP16),gpt2-xl,56,16,6865291.0,0.844032,0.505179,0.485785,0.844032,,2023.31,1208.61,3231.92,22188077932.57,test_baseline_x56_y16.log
Baseline (FP16),microsoft/phi-2,56,16,220404076.0,0.844032,0.505179,0.485785,0.844032,,65179.13,36096.25,101275.39,22321507940059.64,test_baseline_x56_y16.log
Baseline (FP16),facebook/opt-2.7b,56,16,220206503.0,0.844032,0.505179,0.485785,0.844032,,65120.7,36063.33,101184.03,22281381742720.57,test_baseline_x56_y16.log
Baseline (FP16),meta-llama/Llama-2-7b-hf,56,16,549799110.0,0.844032,0.505179,0.485785,0.844032,,162619.32,90217.73,252837.05,139009584363856.31,test_baseline_x56_y16.log
MixPosit (Bit-Serial + Mixed-Precision),gpt2-large,56,16,1480797.0,0.249088,0.505179,0.524382,0.249088,,427.64,313.64,741.29,1097696946.67,test_flexposit_x56_y16.log
MixPosit (Bit-Serial + Mixed-Precision),gpt2-xl,56,16,1896395.0,0.249088,0.505179,0.524382,0.249088,,551.98,402.16,954.14,1809416972.52,test_flexposit_x56_y16.log
MixPosit (Bit-Serial + Mixed-Precision),microsoft/phi-2,56,16,60744782.0,0.249088,0.505179,0.524382,0.249088,,17906.17,12770.76,30676.93,1863463373153.51,test_flexposit_x56_y16.log
MixPosit (Bit-Serial + Mixed-Precision),facebook/opt-2.7b,56,16,66226156.0,0.249088,0.505179,0.524382,0.249088,,19549.9,13835.78,33385.68,2211005252231.92,test_flexposit_x56_y16.log
MixPosit (Bit-Serial + Mixed-Precision),meta-llama/Llama-2-7b-hf,56,16,172147670.0,0.249088,0.505179,0.524382,0.249088,,50899.24,35958.25,86857.5,14952315507034.92,test_flexposit_x56_y16.log
BitMod (Bit-Serial),gpt2-large,102,16,1424247.0,1.486752,0.496949,0.524382,1.486752,,417.58,531.44,949.02,1351640408.61,test_bitmod_x102_y16.log
BitMod (Bit-Serial),gpt2-xl,102,16,1847650.0,1.486752,0.496949,0.524382,1.486752,,539.8,692.72,1232.53,2277278937.77,test_bitmod_x102_y16.log
BitMod (Bit-Serial),microsoft/phi-2,102,16,55290440.0,1.486752,0.496949,0.524382,1.486752,,16322.37,19449.21,35771.58,1977826657041.49,test_bitmod_x102_y16.log
BitMod (Bit-Serial),facebook/opt-2.7b,102,16,55241069.0,1.486752,0.496949,0.524382,1.486752,,16307.85,19432.46,35740.31,1974332710088.31,test_bitmod_x102_y16.log
BitMod (Bit-Serial),meta-llama/Llama-2-7b-hf,102,16,137830050.0,1.486752,0.496949,0.524382,1.486752,,40756.81,47824.47,88581.28,12209162722961.33,test_bitmod_x102_y16.log
BitMod (Bit-Serial),gpt2-large,116,16,1424247.0,1.690816,0.507859,0.524382,1.690816,,417.58,542.56,960.14,1367476046.15,test_bitmod_x116_y16.log
BitMod (Bit-Serial),gpt2-xl,116,16,1847650.0,1.690816,0.507859,0.524382,1.690816,,539.8,710.34,1250.14,2309823020.97,test_bitmod_x116_y16.log
BitMod (Bit-Serial),microsoft/phi-2,116,16,55290440.0,1.690816,0.507859,0.524382,1.690816,,16322.37,19591.15,35913.52,1985674396459.26,test_bitmod_x116_y16.log
BitMod (Bit-Serial),facebook/opt-2.7b,116,16,55241069.0,1.690816,0.507859,0.524382,1.690816,,16307.85,19574.18,35882.03,1982161603629.03,test_bitmod_x116_y16.log
BitMod (Bit-Serial),meta-llama/Llama-2-7b-hf,116,16,137830050.0,1.690816,0.507859,0.524382,1.690816,,40756.81,47920.61,88677.42,12222413301296.87,test_bitmod_x116_y16.log
OLIVE (Non-uniform Quantization),gpt2-large,70,16,2777338.0,0.25536,0.53455,0.467155,0.25536,,800.72,730.99,1531.7,4254060796.6,test_olive_x70_y16.log
OLIVE (Non-uniform Quantization),gpt2-xl,70,16,3510287.0,0.25536,0.53455,0.467155,0.25536,,1009.24,941.37,1950.61,6847190340.19,test_olive_x70_y16.log
OLIVE (Non-uniform Quantization),microsoft/phi-2,70,16,110252351.0,0.25536,0.53455,0.467155,0.25536,,32584.07,27528.19,60112.26,6627517944727.1,test_olive_x70_y16.log
OLIVE (Non-uniform Quantization),facebook/opt-2.7b,70,16,110153796.0,0.25536,0.53455,0.467155,0.25536,,32555.05,27504.27,60059.32,6615762263296.56,test_olive_x70_y16.log
OLIVE (Non-uniform Quantization),meta-llama/Llama-2-7b-hf,70,16,274954917.0,0.25536,0.53455,0.467155,0.25536,,81291.89,68426.22,149718.11,41165731239146.79,test_olive_x70_y16.log
BitMod (Bit-Serial),gpt2-large,64,16,1424247.0,0.932864,0.524382,0.524382,0.932864,,417.58,510.8,928.38,1322237931.54,test_bitmod_x64_y16.log
BitMod (Bit-Serial),gpt2-xl,64,16,1847650.0,0.932864,0.524382,0.524382,0.932864,,539.8,656.73,1196.53,2210771938.16,test_bitmod_x64_y16.log
BitMod (Bit-Serial),microsoft/phi-2,64,16,55290440.0,0.932864,0.524382,0.524382,0.932864,,16322.37,19179.59,35501.97,1962919463639.0,test_bitmod_x64_y16.log
BitMod (Bit-Serial),facebook/opt-2.7b,64,16,55241069.0,0.932864,0.524382,0.524382,0.932864,,16307.85,19163.03,35470.88,1959449329746.28,test_bitmod_x64_y16.log
BitMod (Bit-Serial),meta-llama/Llama-2-7b-hf,64,16,137830050.0,0.932864,0.524382,0.524382,0.932864,,40756.81,47787.15,88543.96,12204018851344.8,test_bitmod_x64_y16.log
MixPosit (Bit-Serial + Mixed-Precision),gpt2-large,86,16,1480797.0,0.382528,0.551187,0.524382,0.382528,,427.64,317.69,745.33,1103685088.41,test_flexposit_x86_y16.log
MixPosit (Bit-Serial + Mixed-Precision),gpt2-xl,86,16,1896395.0,0.382528,0.551187,0.524382,0.382528,,551.98,411.91,963.88,1827902724.77,test_flexposit_x86_y16.log
MixPosit (Bit-Serial + Mixed-Precision),microsoft/phi-2,86,16,60744782.0,0.382528,0.551187,0.524382,0.382528,,17906.17,12481.45,30387.63,1845889667224.98,test_flexposit_x86_y16.log
MixPosit (Bit-Serial + Mixed-Precision),facebook/opt-2.7b,86,16,66226156.0,0.382528,0.551187,0.524382,0.382528,,19549.9,13540.65,33090.56,2191460324856.03,test_flexposit_x86_y16.log
MixPosit (Bit-Serial + Mixed-Precision),meta-llama/Llama-2-7b-hf,86,16,172147670.0,0.382528,0.551187,0.524382,0.382528,,50899.24,34979.48,85878.73,14783822446100.49,test_flexposit_x86_y16.log
BitMod (Bit-Serial),gpt2-large,114,16,1424247.0,1.661664,0.508079,0.524382,1.661664,,417.58,540.91,958.49,1365131176.38,test_bitmod_x114_y16.log
BitMod (Bit-Serial),gpt2-xl,114,16,1847650.0,1.661664,0.508079,0.524382,1.661664,,539.8,707.75,1247.55,2305039378.66,test_bitmod_x114_y16.log
BitMod (Bit-Serial),microsoft/phi-2,114,16,55290440.0,1.661664,0.508079,0.524382,1.661664,,16322.37,19358.76,35681.13,1972825635790.25,test_bitmod_x114_y16.log
BitMod (Bit-Serial),facebook/opt-2.7b,114,16,55241069.0,1.661664,0.508079,0.524382,1.661664,,16307.85,19340.04,35647.89,1969227629552.63,test_bitmod_x114_y16.log
BitMod (Bit-Serial),meta-llama/Llama-2-7b-hf,114,16,137830050.0,1.661664,0.508079,0.524382,1.661664,,40756.81,47585.34,88342.15,12176203212189.69,test_bitmod_x114_y16.log
OLIVE (Non-uniform Quantization),gpt2-large,60,16,2777338.0,0.21888,0.520078,0.467155,0.21888,,800.72,730.42,1531.13,4252474060.81,test_olive_x60_y16.log
OLIVE (Non-uniform Quantization),gpt2-xl,60,16,3510287.0,0.21888,0.520078,0.467155,0.21888,,1009.24,937.02,1946.26,6831934332.33,test_olive_x60_y16.log
OLIVE (Non-uniform Quantization),microsoft/phi-2,60,16,110252351.0,0.21888,0.520078,0.467155,0.21888,,32584.07,27777.76,60361.83,6655033528630.88,test_olive_x60_y16.log
OLIVE (Non-uniform Quantization),facebook/opt-2.7b,60,16,110153796.0,0.21888,0.520078,0.467155,0.21888,,32555.05,27752.25,60307.3,6643078551778.07,test_olive_x60_y16.log
OLIVE (Non-uniform Quantization),meta-llama/Llama-2-7b-hf,60,16,274954917.0,0.21888,0.520078,0.467155,0.21888,,81291.89,69320.23,150612.12,41411543020241.68,test_olive_x60_y16.log
MixPosit (Bit-Serial + Mixed-Precision),gpt2-large,16,16,4235660.799999993,0.071168,0.485785,0.524382,0.071168,,427.64,333.68,761.33,3224725201.0,test_flexposit_x16_y16.log
MixPosit (Bit-Serial + Mixed-Precision),gpt2-xl,16,16,5335510.399999991,0.071168,0.485785,0.524382,0.071168,,551.98,420.95,972.92,5191040565.41,test_flexposit_x16_y16.log
MixPosit (Bit-Serial + Mixed-Precision),microsoft/phi-2,16,16,182254944.00000003,0.071168,0.485785,0.524382,0.071168,,17906.17,14171.66,32077.84,5846344152389.45,test_flexposit_x16_y16.log
MixPosit (Bit-Serial + Mixed-Precision),facebook/opt-2.7b,16,16,198624608.0,0.071168,0.485785,0.524382,0.071168,,19549.9,15238.41,34788.31,6909814678413.1,test_flexposit_x16_y16.log
MixPosit (Bit-Serial + Mixed-Precision),meta-llama/Llama-2-7b-hf,16,16,516553440.0,0.071168,0.485785,0.524382,0.071168,,50899.24,39390.04,90289.28,46639239681750.82,test_flexposit_x16_y16.log
Baseline (FP16),gpt2-large,54,16,5456734.0,0.813888,0.504615,0.485785,0.813888,,1604.79,935.77,2540.57,13863188319.76,test_baseline_x54_y16.log
Baseline (FP16),gpt2-xl,54,16,6865291.0,0.813888,0.504615,0.485785,0.813888,,2023.31,1197.49,3220.8,22111752597.86,test_baseline_x54_y16.log
Baseline (FP16),microsoft/phi-2,54,16,220404076.0,0.813888,0.504615,0.485785,0.813888,,65179.13,35999.31,101178.45,22300141865669.79,test_baseline_x54_y16.log
Baseline (FP16),facebook/opt-2.7b,54,16,220206503.0,0.813888,0.504615,0.485785,0.813888,,65120.7,35965.95,101086.65,22259937839192.01,test_baseline_x54_y16.log
Baseline (FP16),meta-llama/Llama-2-7b-hf,54,16,549799110.0,0.813888,0.504615,0.485785,0.813888,,162619.32,89116.79,251736.1,138404286449131.02,test_baseline_x54_y16.log
BitMod (Bit-Serial),gpt2-large,80,16,1424247.0,1.16608,0.551929,0.524382,1.16608,,417.58,518.22,935.8,1332815324.08,test_bitmod_x80_y16.log
BitMod (Bit-Serial),gpt2-xl,80,16,1847650.0,1.16608,0.551929,0.524382,1.16608,,539.8,670.28,1210.08,2235808088.8,test_bitmod_x80_y16.log
BitMod (Bit-Serial),microsoft/phi-2,80,16,55290440.0,1.16608,0.551929,0.524382,1.16608,,16322.37,19043.67,35366.04,1955404083502.09,test_bitmod_x80_y16.log
BitMod (Bit-Serial),facebook/opt-2.7b,80,16,55241069.0,1.16608,0.551929,0.524382,1.16608,,16307.85,19027.52,35335.38,1951963910538.45,test_bitmod_x80_y16.log
BitMod (Bit-Serial),meta-llama/Llama-2-7b-hf,80,16,137830050.0,1.16608,0.551929,0.524382,1.16608,,40756.81,47879.65,88636.46,12216768182847.07,test_bitmod_x80_y16.log
OLIVE (Non-uniform Quantization),gpt2-large,46,16,2777338.0,0.167808,0.516173,0.467155,0.167808,,800.72,728.17,1528.89,4246243087.36,test_olive_x46_y16.log
OLIVE (Non-uniform Quantization),gpt2-xl,46,16,3510287.0,0.167808,0.516173,0.467155,0.167808,,1009.24,929.09,1938.33,6804096752.83,test_olive_x46_y16.log
OLIVE (Non-uniform Quantization),microsoft/phi-2,46,16,110252351.0,0.167808,0.516173,0.467155,0.167808,,32584.07,28184.4,60768.47,6699866505649.19,test_olive_x46_y16.log
OLIVE (Non-uniform Quantization),facebook/opt-2.7b,46,16,110153796.0,0.167808,0.516173,0.467155,0.167808,,32555.05,28158.31,60713.37,6687807716286.58,test_olive_x46_y16.log
OLIVE (Non-uniform Quantization),meta-llama/Llama-2-7b-hf,46,16,274954917.0,0.167808,0.516173,0.467155,0.167808,,81291.89,70426.82,151718.71,41715806227301.22,test_olive_x46_y16.log
BitMod (Bit-Serial),gpt2-large,4,16,8136172.0,0.058304,0.50791,0.524382,0.058304,,417.58,704.97,1122.55,9133262305.86,test_bitmod_x4_y16.log
BitMod (Bit-Serial),gpt2-xl,4,16,10245248.0,0.058304,0.50791,0.524382,0.058304,,539.8,884.57,1424.37,14593055035.02,test_bitmod_x4_y16.log
BitMod (Bit-Serial),microsoft/phi-2,4,16,331197088.0,0.058304,0.50791,0.524382,0.058304,,16322.37,28759.78,45082.15,14931076934241.98,test_bitmod_x4_y16.log
BitMod (Bit-Serial),facebook/opt-2.7b,4,16,330900128.0,0.058304,0.50791,0.524382,0.058304,,16307.85,28733.98,45041.83,14904347761239.09,test_bitmod_x4_y16.log
BitMod (Bit-Serial),meta-llama/Llama-2-7b-hf,4,16,826267968.0,0.058304,0.50791,0.524382,0.058304,,40756.81,71755.29,112512.1,92965144576787.95,test_bitmod_x4_y16.log
OLIVE (Non-uniform Quantization),gpt2-large,82,16,2777338.0,0.299136,0.554974,0.467155,0.299136,,800.72,735.97,1536.69,4267895481.19,test_olive_x82_y16.log
OLIVE (Non-uniform Quantization),gpt2-xl,82,16,3510287.0,0.299136,0.554974,0.467155,0.299136,,1009.24,951.98,1961.22,6884445025.85,test_olive_x82_y16.log
OLIVE (Non-uniform Quantization),microsoft/phi-2,82,16,110252351.0,0.299136,0.554974,0.467155,0.299136,,32584.07,27466.42,60050.49,6620707160700.42,test_olive_x82_y16.log
OLIVE (Non-uniform Quantization),facebook/opt-2.7b,82,16,110153796.0,0.299136,0.554974,0.467155,0.299136,,32555.05,27442.93,59997.98,6609005471371.08,test_olive_x82_y16.log
OLIVE (Non-uniform Quantization),meta-llama/Llama-2-7b-hf,82,16,274954917.0,0.299136,0.554974,0.467155,0.299136,,81291.89,67559.59,148851.48,40927445395661.04,test_olive_x82_y16.log
OLIVE (Non-uniform Quantization),gpt2-large,40,16,2777338.0,0.14592,0.500027,0.467155,0.14592,,800.72,731.16,1531.88,4254543385.58,test_olive_x40_y16.log
OLIVE (Non-uniform Quantization),gpt2-xl,40,16,3510287.0,0.14592,0.500027,0.467155,0.14592,,1009.24,930.62,1939.86,6809473177.24,test_olive_x40_y16.log
OLIVE (Non-uniform Quantization),microsoft/phi-2,40,16,110252351.0,0.14592,0.500027,0.467155,0.14592,,32584.07,28408.97,60993.04,6724626135712.27,test_olive_x40_y16.log
OLIVE (Non-uniform Quantization),facebook/opt-2.7b,40,16,110153796.0,0.14592,0.500027,0.467155,0.14592,,32555.05,28383.76,60938.81,6712641686647.08,test_olive_x40_y16.log
OLIVE (Non-uniform Quantization),meta-llama/Llama-2-7b-hf,40,16,274954917.0,0.14592,0.500027,0.467155,0.14592,,81291.89,71126.47,152418.36,41908178100036.58,test_olive_x40_y16.log
Baseline (FP16),gpt2-large,62,16,5456734.0,0.934464,0.512752,0.485785,0.934464,,1604.79,942.2,2546.99,13898257681.78,test_baseline_x62_y16.log
Baseline (FP16),gpt2-xl,62,16,6865291.0,0.934464,0.512752,0.485785,0.934464,,2023.31,1209.12,3232.43,22191587033.5,test_baseline_x62_y16.log
Baseline (FP16),microsoft/phi-2,62,16,220404076.0,0.934464,0.512752,0.485785,0.934464,,65179.13,36018.33,101197.46,22304333764352.65,test_baseline_x62_y16.log
Baseline (FP16),facebook/opt-2.7b,62,16,220206503.0,0.934464,0.512752,0.485785,0.934464,,65120.7,35986.44,101107.15,22264451630840.21,test_baseline_x62_y16.log
Baseline (FP16),meta-llama/Llama-2-7b-hf,62,16,549799110.0,0.934464,0.512752,0.485785,0.934464,,162619.32,89449.3,252068.62,138587104648373.36,test_baseline_x62_y16.log
Baseline (FP16),gpt2-large,68,16,5456734.0,1.024896,0.518535,0.485785,1.024896,,1604.79,941.81,2546.6,13896111767.91,test_baseline_x68_y16.log
Baseline (FP16),gpt2-xl,68,16,6865291.0,1.024896,0.518535,0.485785,1.024896,,2023.31,1211.37,3234.68,22207036358.57,test_baseline_x68_y16.log
Baseline (FP16),microsoft/phi-2,68,16,220404076.0,1.024896,0.518535,0.485785,1.024896,,65179.13,35506.39,100685.52,22191499126015.88,test_baseline_x68_y16.log
Baseline (FP16),facebook/opt-2.7b,68,16,220206503.0,1.024896,0.518535,0.485785,1.024896,,65120.7,35476.27,100596.97,22152107537132.42,test_baseline_x68_y16.log
Baseline (FP16),meta-llama/Llama-2-7b-hf,68,16,549799110.0,1.024896,0.518535,0.485785,1.024896,,162619.32,88500.02,251119.34,138065187762871.05,test_baseline_x68_y16.log
OLIVE (Non-uniform Quantization),gpt2-large,102,16,2777338.0,0.372096,0.496949,0.467155,0.372096,,800.72,752.2,1552.92,4312985535.17,test_olive_x102_y16.log
OLIVE (Non-uniform Quantization),gpt2-xl,102,16,3510287.0,0.372096,0.496949,0.467155,0.372096,,1009.24,979.78,1989.02,6982045390.82,test_olive_x102_y16.log
OLIVE (Non-uniform Quantization),microsoft/phi-2,102,16,110252351.0,0.372096,0.496949,0.467155,0.372096,,32584.07,27574.82,60158.88,6632658439495.19,test_olive_x102_y16.log
OLIVE (Non-uniform Quantization),facebook/opt-2.7b,102,16,110153796.0,0.372096,0.496949,0.467155,0.372096,,32555.05,27551.05,60106.11,6620915884076.8,test_olive_x102_y16.log
OLIVE (Non-uniform Quantization),meta-llama/Llama-2-7b-hf,102,16,274954917.0,0.372096,0.496949,0.467155,0.372096,,81291.89,67817.02,149108.91,40998227044058.39,test_olive_x102_y16.log
Baseline (FP16),gpt2-large,18,16,5463142.0,0.271296,0.491009,0.485785,0.271296,,1604.79,998.12,2602.92,14220098705.32,test_baseline_x18_y16.log
Baseline (FP16),gpt2-xl,18,16,6867595.0,0.271296,0.491009,0.485785,0.271296,,2023.31,1258.68,3282.0,22539442571.16,test_baseline_x18_y16.log
Baseline (FP16),microsoft/phi-2,18,16,220404076.0,0.271296,0.491009,0.485785,0.271296,,65179.13,40043.16,105222.3,23191423657415.62,test_baseline_x18_y16.log
Baseline (FP16),facebook/opt-2.7b,18,16,220206503.0,0.271296,0.491009,0.485785,0.271296,,65120.7,40007.11,105127.81,23149828192769.35,test_baseline_x18_y16.log
Baseline (FP16),meta-llama/Llama-2-7b-hf,18,16,549799110.0,0.271296,0.491009,0.485785,0.271296,,162619.32,99677.12,262296.44,144210348233968.84,test_baseline_x18_y16.log
OLIVE (Non-uniform Quantization),gpt2-large,78,16,2777338.0,0.284544,0.549241,0.467155,0.284544,,800.72,734.61,1535.32,4264109365.13,test_olive_x78_y16.log
OLIVE (Non-uniform Quantization),gpt2-xl,78,16,3510287.0,0.284544,0.549241,0.467155,0.284544,,1009.24,948.81,1958.05,6873326925.48,test_olive_x78_y16.log
OLIVE (Non-uniform Quantization),microsoft/phi-2,78,16,110252351.0,0.284544,0.549241,0.467155,0.284544,,32584.07,27253.64,59837.71,6597248207717.56,test_olive_x78_y16.log
OLIVE (Non-uniform Quantization),facebook/opt-2.7b,78,16,110153796.0,0.284544,0.549241,0.467155,0.284544,,32555.05,27229.23,59784.29,6585466059834.67,test_olive_x78_y16.log
OLIVE (Non-uniform Quantization),meta-llama/Llama-2-7b-hf,78,16,274954917.0,0.284544,0.549241,0.467155,0.284544,,81291.89,68049.56,149341.45,41062167263157.92,test_olive_x78_y16.log
Baseline (FP16),gpt2-large,52,16,5456734.0,0.783744,0.499773,0.485785,0.783744,,1604.79,935.39,2540.19,13861117272.06,test_baseline_x52_y16.log
Baseline (FP16),gpt2-xl,52,16,6865291.0,0.783744,0.499773,0.485785,0.783744,,2023.31,1196.07,3219.39,22102023487.35,test_baseline_x52_y16.log
Baseline (FP16),microsoft/phi-2,52,16,220404076.0,0.783744,0.499773,0.485785,0.783744,,65179.13,36123.09,101302.22,22327422320966.75,test_baseline_x52_y16.log
Baseline (FP16),facebook/opt-2.7b,52,16,220206503.0,0.783744,0.499773,0.485785,0.783744,,65120.7,36090.82,101211.53,22287436346678.27,test_baseline_x52_y16.log
Baseline (FP16),meta-llama/Llama-2-7b-hf,52,16,549799110.0,0.783744,0.499773,0.485785,0.783744,,162619.32,89377.26,251996.57,138547492124403.6,test_baseline_x52_y16.log
Baseline (FP16),gpt2-large,90,16,5456734.0,1.35648,0.560651,0.485785,1.35648,,1604.79,953.52,2558.31,13960028359.46,test_baseline_x90_y16.log
Baseline (FP16),gpt2-xl,90,16,6865291.0,1.35648,0.560651,0.485785,1.35648,,2023.31,1236.23,3259.55,22377737452.26,test_baseline_x90_y16.log
Baseline (FP16),microsoft/phi-2,90,16,220404076.0,1.35648,0.560651,0.485785,1.35648,,65179.13,35150.83,100329.96,22113132905535.01,test_baseline_x90_y16.log
Baseline (FP16),facebook/opt-2.7b,90,16,220206503.0,1.35648,0.560651,0.485785,1.35648,,65120.7,35120.73,100241.43,22073815272566.45,test_baseline_x90_y16.log
Baseline (FP16),meta-llama/Llama-2-7b-hf,90,16,549799110.0,1.35648,0.560651,0.485785,1.35648,,162619.32,87155.04,249774.36,137325720567166.1,test_baseline_x90_y16.log
BitMod (Bit-Serial),gpt2-large,40,16,1424247.0,0.58304,0.500027,0.524382,0.58304,,417.58,502.03,919.61,1309750111.69,test_bitmod_x40_y16.log
BitMod (Bit-Serial),gpt2-xl,40,16,1847650.0,0.58304,0.500027,0.524382,0.58304,,539.8,639.36,1179.17,2178684616.1,test_bitmod_x40_y16.log
BitMod (Bit-Serial),microsoft/phi-2,40,16,55290440.0,0.58304,0.500027,0.524382,0.58304,,16322.37,19481.78,35804.15,1979627235018.22,test_bitmod_x40_y16.log
BitMod (Bit-Serial),facebook/opt-2.7b,40,16,55241069.0,0.58304,0.500027,0.524382,0.58304,,16307.85,19464.49,35772.34,1976102174237.34,test_bitmod_x40_y16.log
BitMod (Bit-Serial),meta-llama/Llama-2-7b-hf,40,16,137830050.0,0.58304,0.500027,0.524382,0.58304,,40756.81,48776.47,89533.28,12340376323815.36,test_bitmod_x40_y16.log
Baseline (FP16),gpt2-large,2,16,32349440.0,0.030144,0.50791,0.485785,0.030144,,1604.79,2304.89,3909.68,126476046882.04,test_baseline_x2_y16.log
Baseline (FP16),gpt2-xl,2,16,40519744.0,0.030144,0.50791,0.485785,0.030144,,2023.31,2887.49,4910.81,198984566255.02,test_baseline_x2_y16.log
Baseline (FP16),microsoft/phi-2,2,16,1324165792.0,0.030144,0.50791,0.485785,0.030144,,65179.13,94330.82,159509.96,211217628966885.2,test_baseline_x2_y16.log
Baseline (FP16),facebook/opt-2.7b,2,16,1322977952.0,0.030144,0.50791,0.485785,0.030144,,65120.7,94246.2,159366.91,210838904396603.72,test_baseline_x2_y16.log
Baseline (FP16),meta-llama/Llama-2-7b-hf,2,16,3304020288.0,0.030144,0.50791,0.485785,0.030144,,162619.32,235370.23,397989.54,1314965529484329.8,test_baseline_x2_y16.log
MixPosit (Bit-Serial + Mixed-Precision),gpt2-large,112,16,1480797.0,0.498176,0.601007,0.524382,0.498176,,427.64,328.04,755.69,1119018716.1,test_flexposit_x112_y16.log
MixPosit (Bit-Serial + Mixed-Precision),gpt2-xl,112,16,1896395.0,0.498176,0.601007,0.524382,0.498176,,551.98,428.95,980.92,1860215504.65,test_flexposit_x112_y16.log
MixPosit (Bit-Serial + Mixed-Precision),microsoft/phi-2,112,16,60744782.0,0.498176,0.601007,0.524382,0.498176,,17906.17,12486.58,30392.75,1846201119883.13,test_flexposit_x112_y16.log
MixPosit (Bit-Serial + Mixed-Precision),facebook/opt-2.7b,112,16,66226156.0,0.498176,0.601007,0.524382,0.498176,,19549.9,13554.85,33104.76,2192400742560.1,test_flexposit_x112_y16.log
MixPosit (Bit-Serial + Mixed-Precision),meta-llama/Llama-2-7b-hf,112,16,172147670.0,0.498176,0.601007,0.524382,0.498176,,50899.24,35231.18,86130.42,14827151444720.41,test_flexposit_x112_y16.log
Baseline (FP16),gpt2-large,94,16,5456734.0,1.416768,0.568872,0.485785,1.416768,,1604.79,956.4,2561.19,13975741211.79,test_baseline_x94_y16.log
Baseline (FP16),gpt2-xl,94,16,6865291.0,1.416768,0.568872,0.485785,1.416768,,2023.31,1241.7,3265.01,22415269095.36,test_baseline_x94_y16.log
Baseline (FP16),microsoft/phi-2,94,16,220404076.0,1.416768,0.568872,0.485785,1.416768,,65179.13,35255.03,100434.17,22136100206168.06,test_baseline_x94_y16.log
Baseline (FP16),facebook/opt-2.7b,94,16,220206503.0,1.416768,0.568872,0.485785,1.416768,,65120.7,35223.73,100344.44,22096497451190.48,test_baseline_x94_y16.log
Baseline (FP16),meta-llama/Llama-2-7b-hf,94,16,549799110.0,1.416768,0.568872,0.485785,1.416768,,162619.32,87027.32,249646.64,137255501328890.28,test_baseline_x94_y16.log
MixPosit (Bit-Serial + Mixed-Precision),gpt2-large,78,16,1480797.0,0.346944,0.536284,0.524382,0.346944,,427.64,315.78,743.42,1100853822.86,test_flexposit_x78_y16.log
MixPosit (Bit-Serial + Mixed-Precision),gpt2-xl,78,16,1896395.0,0.346944,0.536284,0.524382,0.346944,,551.98,408.26,960.23,1820982042.0,test_flexposit_x78_y16.log
MixPosit (Bit-Serial + Mixed-Precision),microsoft/phi-2,78,16,60744782.0,0.346944,0.536284,0.524382,0.346944,,17906.17,12506.34,30412.51,1847401072220.65,test_flexposit_x78_y16.log
MixPosit (Bit-Serial + Mixed-Precision),facebook/opt-2.7b,78,16,66226156.0,0.346944,0.536284,0.524382,0.346944,,19549.9,13564.56,33114.46,2193043264301.37,test_flexposit_x78_y16.log
MixPosit (Bit-Serial + Mixed-Precision),meta-llama/Llama-2-7b-hf,78,16,172147670.0,0.346944,0.536284,0.524382,0.346944,,50899.24,35234.08,86133.32,14827651147571.73,test_flexposit_x78_y16.log
OLIVE (Non-uniform Quantization),gpt2-large,28,16,2777338.0,0.102144,0.48294,0.467155,0.102144,,800.72,754.86,1555.57,4320356661.6,test_olive_x28_y16.log
OLIVE (Non-uniform Quantization),gpt2-xl,28,16,3510287.0,0.102144,0.48294,0.467155,0.102144,,1009.24,955.9,1965.14,6898207903.37,test_olive_x28_y16.log
OLIVE (Non-uniform Quantization),microsoft/phi-2,28,16,110260543.0,0.102144,0.48294,0.467155,0.102144,,32584.07,29960.21,62544.27,6896165700722.02,test_olive_x28_y16.log
OLIVE (Non-uniform Quantization),facebook/opt-2.7b,28,16,110161988.0,0.102144,0.48294,0.467155,0.102144,,32555.05,29933.59,62488.65,6883873645061.04,test_olive_x28_y16.log
OLIVE (Non-uniform Quantization),meta-llama/Llama-2-7b-hf,28,16,274962917.0,0.102144,0.48294,0.467155,0.102144,,81291.89,74666.82,155958.71,42882862576028.81,test_olive_x28_y16.log
BitMod (Bit-Serial),gpt2-large,44,16,1424247.0,0.641344,0.511153,0.524382,0.641344,,417.58,502.8,920.38,1310853581.1,test_bitmod_x44_y16.log
BitMod (Bit-Serial),gpt2-xl,44,16,1847650.0,0.641344,0.511153,0.524382,0.641344,,539.8,641.4,1181.2,2182450494.08,test_bitmod_x44_y16.log
BitMod (Bit-Serial),microsoft/phi-2,44,16,55290440.0,0.641344,0.511153,0.524382,0.641344,,16322.37,19574.38,35896.75,1984747116521.75,test_bitmod_x44_y16.log
BitMod (Bit-Serial),facebook/opt-2.7b,44,16,55241069.0,0.641344,0.511153,0.524382,0.641344,,16307.85,19557.09,35864.94,1981217735907.87,test_bitmod_x44_y16.log
BitMod (Bit-Serial),meta-llama/Llama-2-7b-hf,44,16,137830050.0,0.641344,0.511153,0.524382,0.641344,,40756.81,48674.93,89431.74,12326381285148.84,test_bitmod_x44_y16.log
Baseline (FP16),gpt2-large,84,16,5456734.0,1.266048,0.547719,0.485785,1.266048,,1604.79,949.11,2553.9,13935956842.8,test_baseline_x84_y16.log
Baseline (FP16),gpt2-xl,84,16,6865291.0,1.266048,0.547719,0.485785,1.266048,,2023.31,1227.92,3251.23,22320651317.07,test_baseline_x84_y16.log
Baseline (FP16),microsoft/phi-2,84,16,220404076.0,1.266048,0.547719,0.485785,1.266048,,65179.13,35192.58,100371.71,22122334288899.27,test_baseline_x84_y16.log
Baseline (FP16),facebook/opt-2.7b,84,16,220206503.0,1.266048,0.547719,0.485785,1.266048,,65120.7,35161.62,100282.32,22082819395322.19,test_baseline_x84_y16.log
Baseline (FP16),meta-llama/Llama-2-7b-hf,84,16,549799110.0,1.266048,0.547719,0.485785,1.266048,,162619.32,87215.43,249834.75,137358922329302.75,test_baseline_x84_y16.log
BitMod (Bit-Serial),gpt2-large,120,16,1424247.0,1.74912,0.51017,0.524382,1.74912,,417.58,544.17,961.75,1369774547.6,test_bitmod_x120_y16.log
BitMod (Bit-Serial),gpt2-xl,120,16,1847650.0,1.74912,0.51017,0.524382,1.74912,,539.8,713.42,1253.22,2315516601.18,test_bitmod_x120_y16.log
BitMod (Bit-Serial),microsoft/phi-2,120,16,55290440.0,1.74912,0.51017,0.524382,1.74912,,16322.37,19442.1,35764.47,1977433443337.06,test_bitmod_x120_y16.log
BitMod (Bit-Serial),facebook/opt-2.7b,120,16,55241069.0,1.74912,0.51017,0.524382,1.74912,,16307.85,19424.58,35732.43,1973897870367.59,test_bitmod_x120_y16.log
BitMod (Bit-Serial),meta-llama/Llama-2-7b-hf,120,16,137830050.0,1.74912,0.51017,0.524382,1.74912,,40756.81,48051.24,88808.05,12240418414808.87,test_bitmod_x120_y16.log
Baseline (FP16),gpt2-large,64,16,5456734.0,0.964608,0.514181,0.485785,0.964608,,1604.79,942.01,2546.8,13897228171.15,test_baseline_x64_y16.log
Baseline (FP16),gpt2-xl,64,16,6865291.0,0.964608,0.514181,0.485785,0.964608,,2023.31,1209.8,3233.11,22196238637.63,test_baseline_x64_y16.log
Baseline (FP16),microsoft/phi-2,64,16,220404076.0,0.964608,0.514181,0.485785,0.964608,,65179.13,35487.03,100666.17,22187233443679.25,test_baseline_x64_y16.log
Baseline (FP16),facebook/opt-2.7b,64,16,220206503.0,0.964608,0.514181,0.485785,0.964608,,65120.7,35456.34,100577.05,22147719966755.84,test_baseline_x64_y16.log
Baseline (FP16),meta-llama/Llama-2-7b-hf,64,16,549799110.0,0.964608,0.514181,0.485785,0.964608,,162619.32,88424.3,251043.62,138023559862637.47,test_baseline_x64_y16.log
BitMod (Bit-Serial),gpt2-large,72,16,1424247.0,1.049472,0.535461,0.524382,1.049472,,417.58,514.28,931.86,1327199763.4,test_bitmod_x72_y16.log
BitMod (Bit-Serial),gpt2-xl,72,16,1847650.0,1.049472,0.535461,0.524382,1.049472,,539.8,663.21,1203.02,2222755194.37,test_bitmod_x72_y16.log
BitMod (Bit-Serial),microsoft/phi-2,72,16,55290440.0,1.049472,0.535461,0.524382,1.049472,,16322.37,19276.08,35598.45,1968254104085.35,test_bitmod_x72_y16.log
BitMod (Bit-Serial),facebook/opt-2.7b,72,16,55241069.0,1.049472,0.535461,0.524382,1.049472,,16307.85,19258.88,35566.73,1964744211201.4,test_bitmod_x72_y16.log
BitMod (Bit-Serial),meta-llama/Llama-2-7b-hf,72,16,137830050.0,1.049472,0.535461,0.524382,1.049472,,40756.81,47636.03,88392.84,12183189434814.31,test_bitmod_x72_y16.log
BitMod (Bit-Serial),gpt2-large,66,16,1424247.0,0.962016,0.528389,0.524382,0.962016,,417.58,511.54,929.12,1323294526.14,test_bitmod_x66_y16.log
BitMod (Bit-Serial),gpt2-xl,66,16,1847650.0,0.962016,0.528389,0.524382,0.962016,,539.8,658.19,1197.99,2213471917.1,test_bitmod_x66_y16.log
BitMod (Bit-Serial),microsoft/phi-2,66,16,55290440.0,0.962016,0.528389,0.524382,0.962016,,16322.37,19256.58,35578.95,1967176033573.85,test_bitmod_x66_y16.log
BitMod (Bit-Serial),facebook/opt-2.7b,66,16,55241069.0,0.962016,0.528389,0.524382,0.962016,,16307.85,19239.53,35547.38,1963675462358.71,test_bitmod_x66_y16.log
BitMod (Bit-Serial),meta-llama/Llama-2-7b-hf,66,16,137830050.0,0.962016,0.528389,0.524382,0.962016,,40756.81,48142.26,88899.07,12252962865092.92,test_bitmod_x66_y16.log
BitMod (Bit-Serial),gpt2-large,110,16,1424247.0,1.60336,0.506099,0.524382,1.60336,,417.58,536.14,953.72,1358335168.31,test_bitmod_x110_y16.log
BitMod (Bit-Serial),gpt2-xl,110,16,1847650.0,1.60336,0.506099,0.524382,1.60336,,539.8,700.74,1240.54,2292089113.27,test_bitmod_x110_y16.log
BitMod (Bit-Serial),microsoft/phi-2,110,16,55290440.0,1.60336,0.506099,0.524382,1.60336,,16322.37,19397.47,35719.84,1974965814976.16,test_bitmod_x110_y16.log
BitMod (Bit-Serial),facebook/opt-2.7b,110,16,55241069.0,1.60336,0.506099,0.524382,1.60336,,16307.85,19381.41,35689.26,1971513101287.4,test_bitmod_x110_y16.log
BitMod (Bit-Serial),meta-llama/Llama-2-7b-hf,110,16,137830050.0,1.60336,0.506099,0.524382,1.60336,,40756.81,47925.36,88682.17,12223068018142.88,test_bitmod_x110_y16.log
Baseline (FP16),gpt2-large,34,16,5456734.0,0.512448,0.530335,0.485785,0.512448,,1604.79,939.04,2543.84,13881033655.66,test_baseline_x34_y16.log
Baseline (FP16),gpt2-xl,34,16,6865291.0,0.512448,0.530335,0.485785,0.512448,,2023.31,1192.07,3215.38,22074522253.58,test_baseline_x34_y16.log
Baseline (FP16),microsoft/phi-2,34,16,220404076.0,0.512448,0.530335,0.485785,0.512448,,65179.13,37043.09,102222.22,22530194574103.96,test_baseline_x34_y16.log
Baseline (FP16),facebook/opt-2.7b,34,16,220206503.0,0.512448,0.530335,0.485785,0.512448,,65120.7,37010.47,102131.17,22489948154786.44,test_baseline_x34_y16.log
Baseline (FP16),meta-llama/Llama-2-7b-hf,34,16,549799110.0,0.512448,0.530335,0.485785,0.512448,,162619.32,92011.88,254631.2,139996007628270.92,test_baseline_x34_y16.log
OLIVE (Non-uniform Quantization),gpt2-large,112,16,2777338.0,0.408576,0.505179,0.467155,0.408576,,800.72,763.03,1563.75,4343053528.66,test_olive_x112_y16.log
OLIVE (Non-uniform Quantization),gpt2-xl,112,16,3510287.0,0.408576,0.505179,0.467155,0.408576,,1009.24,996.89,2006.13,7042083736.12,test_olive_x112_y16.log
OLIVE (Non-uniform Quantization),microsoft/phi-2,112,16,110252351.0,0.408576,0.505179,0.467155,0.408576,,32584.07,27172.56,59756.63,6588308540475.53,test_olive_x112_y16.log
OLIVE (Non-uniform Quantization),facebook/opt-2.7b,112,16,110153796.0,0.408576,0.505179,0.467155,0.408576,,32555.05,27146.5,59701.56,6576353320846.19,test_olive_x112_y16.log
OLIVE (Non-uniform Quantization),meta-llama/Llama-2-7b-hf,112,16,274954917.0,0.408576,0.505179,0.467155,0.408576,,81291.89,67858.06,149149.95,41009512687312.9,test_olive_x112_y16.log
Baseline (FP16),gpt2-large,12,16,5472512.0,0.180864,0.500401,0.485785,0.180864,,1604.79,1075.21,2680.0,14666342019.39,test_baseline_x12_y16.log
Baseline (FP16),gpt2-xl,12,16,6892864.0,0.180864,0.500401,0.485785,0.180864,,2023.31,1354.49,3377.8,23282727931.16,test_baseline_x12_y16.log
Baseline (FP16),microsoft/phi-2,12,16,221362336.0,0.180864,0.500401,0.485785,0.180864,,65179.13,43486.49,108665.63,24054477500703.58,test_baseline_x12_y16.log
Baseline (FP16),facebook/opt-2.7b,12,16,221165216.0,0.180864,0.500401,0.485785,0.180864,,65120.7,43447.75,108568.45,24011564897010.18,test_baseline_x12_y16.log
Baseline (FP16),meta-llama/Llama-2-7b-hf,12,16,551725792.0,0.180864,0.500401,0.485785,0.180864,,162619.32,108394.52,271013.84,149525326026540.66,test_baseline_x12_y16.log
Baseline (FP16),gpt2-large,66,16,5456734.0,0.994752,0.516852,0.485785,0.994752,,1604.79,941.46,2546.25,13894196664.43,test_baseline_x66_y16.log
Baseline (FP16),gpt2-xl,66,16,6865291.0,0.994752,0.516852,0.485785,0.994752,,2023.31,1210.01,3233.33,22197738249.12,test_baseline_x66_y16.log
Baseline (FP16),microsoft/phi-2,66,16,220404076.0,0.994752,0.516852,0.485785,0.994752,,65179.13,35551.4,100730.53,22201419359901.14,test_baseline_x66_y16.log
Baseline (FP16),facebook/opt-2.7b,66,16,220206503.0,0.994752,0.516852,0.485785,0.994752,,65120.7,35519.91,100640.61,22161717595479.66,test_baseline_x66_y16.log
Baseline (FP16),meta-llama/Llama-2-7b-hf,66,16,549799110.0,0.994752,0.516852,0.485785,0.994752,,162619.32,88876.29,251495.61,138272063589570.02,test_baseline_x66_y16.log
Baseline (FP16),gpt2-large,82,16,5456734.0,1.235904,0.542686,0.485785,1.235904,,1604.79,946.98,2551.77,13924329586.82,test_baseline_x82_y16.log
Baseline (FP16),gpt2-xl,82,16,6865291.0,1.235904,0.542686,0.485785,1.235904,,2023.31,1224.32,3247.64,22295970418.79,test_baseline_x82_y16.log
Baseline (FP16),microsoft/phi-2,82,16,220404076.0,1.235904,0.542686,0.485785,1.235904,,65179.13,35397.33,100576.47,22167463683643.07,test_baseline_x82_y16.log
Baseline (FP16),facebook/opt-2.7b,82,16,220206503.0,1.235904,0.542686,0.485785,1.235904,,65120.7,35367.03,100487.74,22128053029455.48,test_baseline_x82_y16.log
Baseline (FP16),meta-llama/Llama-2-7b-hf,82,16,549799110.0,1.235904,0.542686,0.485785,1.235904,,162619.32,87090.56,249709.88,137290268095963.88,test_baseline_x82_y16.log
MixPosit (Bit-Serial + Mixed-Precision),gpt2-large,2,16,33158175.999999996,0.008896,0.50791,0.524382,0.008896,,427.64,707.71,1135.35,37646279417.55,test_flexposit_x2_y16.log
MixPosit (Bit-Serial + Mixed-Precision),gpt2-xl,2,16,41532737.60000014,0.008896,0.50791,0.524382,0.008896,,551.98,887.52,1439.49,59786144159.57,test_flexposit_x2_y16.log
MixPosit (Bit-Serial + Mixed-Precision),microsoft/phi-2,2,16,1456561619.1999972,0.008896,0.50791,0.524382,0.008896,,17906.17,29941.95,47848.12,69693736435890.43,test_flexposit_x2_y16.log
MixPosit (Bit-Serial + Mixed-Precision),facebook/opt-2.7b,2,16,1587532038.4000015,0.008896,0.50791,0.524382,0.008896,,19549.9,31246.79,50796.69,80641380413591.83,test_flexposit_x2_y16.log
MixPosit (Bit-Serial + Mixed-Precision),meta-llama/Llama-2-7b-hf,2,16,4129937728.0,0.008896,0.50791,0.524382,0.008896,,50899.24,79696.62,130595.87,539352796747741.56,test_flexposit_x2_y16.log
BitMod (Bit-Serial),gpt2-large,54,16,1424247.0,0.787104,0.51287,0.524382,0.787104,,417.58,507.64,925.22,1317745148.38,test_bitmod_x54_y16.log
BitMod (Bit-Serial),gpt2-xl,54,16,1847650.0,0.787104,0.51287,0.524382,0.787104,,539.8,650.12,1189.93,2198571812.05,test_bitmod_x54_y16.log
BitMod (Bit-Serial),microsoft/phi-2,54,16,55290440.0,0.787104,0.51287,0.524382,0.787104,,16322.37,19492.44,35814.81,1980216802372.88,test_bitmod_x54_y16.log
BitMod (Bit-Serial),facebook/opt-2.7b,54,16,55241069.0,0.787104,0.51287,0.524382,0.787104,,16307.85,19474.36,35782.21,1976647592462.97,test_bitmod_x54_y16.log
BitMod (Bit-Serial),meta-llama/Llama-2-7b-hf,54,16,137830050.0,0.787104,0.51287,0.524382,0.787104,,40756.81,48244.21,89001.02,12267014905372.31,test_bitmod_x54_y16.log
OLIVE (Non-uniform Quantization),gpt2-large,66,16,2777338.0,0.240768,0.528389,0.467155,0.240768,,800.72,730.7,1531.41,4253256401.63,test_olive_x66_y16.log
OLIVE (Non-uniform Quantization),gpt2-xl,66,16,3510287.0,0.240768,0.528389,0.467155,0.240768,,1009.24,939.55,1948.79,6840816010.31,test_olive_x66_y16.log
OLIVE (Non-uniform Quantization),microsoft/phi-2,66,16,110252351.0,0.240768,0.528389,0.467155,0.240768,,32584.07,27549.47,60133.53,6629863471413.76,test_olive_x66_y16.log
OLIVE (Non-uniform Quantization),facebook/opt-2.7b,66,16,110153796.0,0.240768,0.528389,0.467155,0.240768,,32555.05,27525.08,60080.13,6618054342496.3,test_olive_x66_y16.log
OLIVE (Non-uniform Quantization),meta-llama/Llama-2-7b-hf,66,16,274954917.0,0.240768,0.528389,0.467155,0.240768,,81291.89,68875.01,150166.9,41289128041844.01,test_olive_x66_y16.log
BitMod (Bit-Serial),gpt2-large,16,16,2094436.0,0.233216,0.467155,0.524382,0.233216,,417.58,524.92,942.5,1974005959.47,test_bitmod_x16_y16.log
BitMod (Bit-Serial),gpt2-xl,16,16,2686112.0,0.233216,0.467155,0.524382,0.233216,,539.8,661.68,1201.49,3227328511.63,test_bitmod_x16_y16.log
BitMod (Bit-Serial),microsoft/phi-2,16,16,82967904.0,0.233216,0.467155,0.524382,0.233216,,16322.37,21033.89,37356.26,3099370714959.22,test_bitmod_x16_y16.log
BitMod (Bit-Serial),facebook/opt-2.7b,16,16,82893664.0,0.233216,0.467155,0.524382,0.233216,,16307.85,21015.04,37322.89,3093830776621.62,test_bitmod_x16_y16.log
BitMod (Bit-Serial),meta-llama/Llama-2-7b-hf,16,16,206846688.0,0.233216,0.467155,0.524382,0.233216,,40756.81,52464.86,93221.67,19282593596165.57,test_bitmod_x16_y16.log
MixPosit (Bit-Serial + Mixed-Precision),gpt2-large,46,16,1540503.9999999998,0.204608,0.486951,0.524382,0.204608,,427.64,311.05,738.69,1137958026.07,test_flexposit_x46_y16.log
MixPosit (Bit-Serial + Mixed-Precision),gpt2-xl,46,16,1972231.9999999998,0.204608,0.486951,0.524382,0.204608,,551.98,397.34,949.31,1872267304.74,test_flexposit_x46_y16.log
MixPosit (Bit-Serial + Mixed-Precision),microsoft/phi-2,46,16,63830880.0,0.204608,0.486951,0.524382,0.204608,,17906.17,12822.52,30728.7,1961439665227.07,test_flexposit_x46_y16.log
MixPosit (Bit-Serial + Mixed-Precision),facebook/opt-2.7b,46,16,69548384.0,0.204608,0.486951,0.524382,0.204608,,19549.9,13877.56,33427.46,2324826082124.98,test_flexposit_x46_y16.log
MixPosit (Bit-Serial + Mixed-Precision),meta-llama/Llama-2-7b-hf,46,16,181193440.0,0.204608,0.486951,0.524382,0.204608,,50899.24,36041.5,86940.74,15753092635962.85,test_flexposit_x46_y16.log
Baseline (FP16),gpt2-large,28,16,5456734.0,0.422016,0.515771,0.485785,0.422016,,1604.79,955.71,2560.5,13971961292.61,test_baseline_x28_y16.log
Baseline (FP16),gpt2-xl,28,16,6865291.0,0.422016,0.515771,0.485785,0.422016,,2023.31,1210.14,3233.46,22198613110.4,test_baseline_x28_y16.log
Baseline (FP16),microsoft/phi-2,28,16,220404076.0,0.422016,0.515771,0.485785,0.422016,,65179.13,37944.73,103123.87,22728920443218.43,test_baseline_x28_y16.log
Baseline (FP16),facebook/opt-2.7b,28,16,220206503.0,0.422016,0.515771,0.485785,0.422016,,65120.7,37911.02,103031.72,22688255360632.82,test_baseline_x28_y16.log
Baseline (FP16),meta-llama/Llama-2-7b-hf,28,16,549799110.0,0.422016,0.515771,0.485785,0.422016,,162619.32,94567.04,257186.36,141400829475674.78,test_baseline_x28_y16.log
Baseline (FP16),gpt2-large,78,16,5456734.0,1.175616,0.536284,0.485785,1.175616,,1604.79,945.59,2550.38,13916738547.19,test_baseline_x78_y16.log
Baseline (FP16),gpt2-xl,78,16,6865291.0,1.175616,0.536284,0.485785,1.175616,,2023.31,1220.73,3244.04,22271302030.18,test_baseline_x78_y16.log
Baseline (FP16),microsoft/phi-2,78,16,220404076.0,1.175616,0.536284,0.485785,1.175616,,65179.13,35142.33,100321.47,22111260723105.1,test_baseline_x78_y16.log
Baseline (FP16),facebook/opt-2.7b,78,16,220206503.0,1.175616,0.536284,0.485785,1.175616,,65120.7,35110.86,100231.56,22071641251142.73,test_baseline_x78_y16.log
Baseline (FP16),meta-llama/Llama-2-7b-hf,78,16,549799110.0,1.175616,0.536284,0.485785,1.175616,,162619.32,87745.31,250364.62,137650247599837.28,test_baseline_x78_y16.log
MixPosit (Bit-Serial + Mixed-Precision),gpt2-large,116,16,1480797.0,0.515968,0.607011,0.524382,0.515968,,427.64,329.39,757.03,1121014545.24,test_flexposit_x116_y16.log
MixPosit (Bit-Serial + Mixed-Precision),gpt2-xl,116,16,1896395.0,0.515968,0.607011,0.524382,0.515968,,551.98,431.25,983.23,1864595607.23,test_flexposit_x116_y16.log
MixPosit (Bit-Serial + Mixed-Precision),microsoft/phi-2,116,16,60744782.0,0.515968,0.607011,0.524382,0.515968,,17906.17,12738.16,30644.33,1861483136641.34,test_flexposit_x116_y16.log
MixPosit (Bit-Serial + Mixed-Precision),facebook/opt-2.7b,116,16,66226156.0,0.515968,0.607011,0.524382,0.515968,,19549.9,13830.16,33380.06,2210633344994.88,test_flexposit_x116_y16.log
MixPosit (Bit-Serial + Mixed-Precision),meta-llama/Llama-2-7b-hf,116,16,172147670.0,0.515968,0.607011,0.524382,0.515968,,50899.24,35221.82,86121.06,14825540593669.3,test_flexposit_x116_y16.log
MixPosit (Bit-Serial + Mixed-Precision),gpt2-large,4,16,16626975.999999998,0.017792,0.502745,0.524382,0.017792,,427.64,487.65,915.29,15218550000.32,test_flexposit_x4_y16.log
MixPosit (Bit-Serial + Mixed-Precision),gpt2-xl,4,16,20852206.400000036,0.017792,0.502745,0.524382,0.017792,,551.98,612.38,1164.35,24279367680.03,test_flexposit_x4_y16.log
MixPosit (Bit-Serial + Mixed-Precision),microsoft/phi-2,4,16,728384569.5999986,0.017792,0.502745,0.524382,0.017792,,17906.17,20769.82,38675.99,28170991539164.23,test_flexposit_x4_y16.log
MixPosit (Bit-Serial + Mixed-Precision),facebook/opt-2.7b,4,16,793869779.2000008,0.017792,0.502745,0.524382,0.017792,,19549.9,21934.25,41484.15,32933014886342.36,test_flexposit_x4_y16.log
MixPosit (Bit-Serial + Mixed-Precision),meta-llama/Llama-2-7b-hf,4,16,2065144128.0,0.017792,0.502745,0.524382,0.017792,,50899.24,56251.23,107150.47,221281164644351.4,test_flexposit_x4_y16.log
MixPosit (Bit-Serial + Mixed-Precision),gpt2-large,20,16,3403543.9999999995,0.08896,0.500027,0.524382,0.08896,,427.64,322.57,750.22,2553391925.56,test_flexposit_x20_y16.log
MixPosit (Bit-Serial + Mixed-Precision),gpt2-xl,20,16,4303950.39999999,0.08896,0.500027,0.524382,0.08896,,551.98,408.75,960.72,4134900421.49,test_flexposit_x20_y16.log
MixPosit (Bit-Serial + Mixed-Precision),microsoft/phi-2,20,16,145849696.0,0.08896,0.500027,0.524382,0.08896,,17906.17,13676.24,31582.41,4606284411756.29,test_flexposit_x20_y16.log
MixPosit (Bit-Serial + Mixed-Precision),facebook/opt-2.7b,20,16,158946656.0,0.08896,0.500027,0.524382,0.08896,,19549.9,14735.1,34285.0,5449486141423.71,test_flexposit_x20_y16.log
MixPosit (Bit-Serial + Mixed-Precision),meta-llama/Llama-2-7b-hf,20,16,413733600.0,0.08896,0.500027,0.524382,0.08896,,50899.24,38155.25,89054.49,36844833785027.2,test_flexposit_x20_y16.log
Baseline (FP16),gpt2-large,36,16,5456734.0,0.542592,0.535461,0.485785,0.542592,,1604.79,935.27,2540.06,13860438882.33,test_baseline_x36_y16.log
Baseline (FP16),gpt2-xl,36,16,6865291.0,0.542592,0.535461,0.485785,0.542592,,2023.31,1188.27,3211.58,22048442236.21,test_baseline_x36_y16.log
Baseline (FP16),microsoft/phi-2,36,16,220404076.0,0.542592,0.535461,0.485785,0.542592,,65179.13,36848.92,102028.05,22487398988312.13,test_baseline_x36_y16.log
Baseline (FP16),facebook/opt-2.7b,36,16,220206503.0,0.542592,0.535461,0.485785,0.542592,,65120.7,36815.93,101936.63,22447109700444.32,test_baseline_x36_y16.log
Baseline (FP16),meta-llama/Llama-2-7b-hf,36,16,549799110.0,0.542592,0.535461,0.485785,0.542592,,162619.32,91260.02,253879.34,139582632548069.52,test_baseline_x36_y16.log
MixPosit (Bit-Serial + Mixed-Precision),gpt2-large,48,16,1481463.9999999998,0.213504,0.490169,0.524382,0.213504,,427.64,311.05,738.69,1094343191.72,test_flexposit_x48_y16.log
MixPosit (Bit-Serial + Mixed-Precision),gpt2-xl,48,16,1898431.9999999998,0.213504,0.490169,0.524382,0.213504,,551.98,397.65,949.63,1802800194.01,test_flexposit_x48_y16.log
MixPosit (Bit-Serial + Mixed-Precision),microsoft/phi-2,48,16,61445728.0,0.213504,0.490169,0.524382,0.213504,,17906.17,12836.78,30742.95,1889023025489.53,test_flexposit_x48_y16.log
MixPosit (Bit-Serial + Mixed-Precision),facebook/opt-2.7b,48,16,66952544.0,0.213504,0.490169,0.524382,0.213504,,19549.9,13896.3,33446.2,2239308216597.35,test_flexposit_x48_y16.log
MixPosit (Bit-Serial + Mixed-Precision),meta-llama/Llama-2-7b-hf,48,16,173385440.0,0.213504,0.490169,0.524382,0.213504,,50899.24,35886.24,86785.49,15047339796488.05,test_flexposit_x48_y16.log
OLIVE (Non-uniform Quantization),gpt2-large,4,16,16221440.0,0.014592,0.50791,0.467155,0.014592,,800.72,1322.84,2123.55,34447072722.36,test_olive_x4_y16.log
OLIVE (Non-uniform Quantization),gpt2-xl,4,16,20343616.0,0.014592,0.50791,0.467155,0.014592,,1009.24,1659.15,2668.39,54284677880.03,test_olive_x4_y16.log
OLIVE (Non-uniform Quantization),microsoft/phi-2,4,16,662142976.0,0.014592,0.50791,0.467155,0.014592,,32584.07,54000.17,86584.23,57331140589272.61,test_olive_x4_y16.log
OLIVE (Non-uniform Quantization),facebook/opt-2.7b,4,16,661549056.0,0.014592,0.50791,0.467155,0.014592,,32555.05,53951.73,86506.78,57228481588148.71,test_olive_x4_y16.log
OLIVE (Non-uniform Quantization),meta-llama/Llama-2-7b-hf,4,16,1652097024.0,0.014592,0.50791,0.467155,0.014592,,81291.89,134733.03,216024.92,356894128274409.4,test_olive_x4_y16.log
OLIVE (Non-uniform Quantization),gpt2-large,22,16,3026176.0,0.080256,0.48205,0.467155,0.080256,,800.72,773.39,1574.11,4763534272.4,test_olive_x22_y16.log
OLIVE (Non-uniform Quantization),gpt2-xl,22,16,3834176.0,0.080256,0.48205,0.467155,0.080256,,1009.24,979.86,1989.1,7626553366.59,test_olive_x22_y16.log
OLIVE (Non-uniform Quantization),microsoft/phi-2,22,16,120991744.0,0.080256,0.48205,0.467155,0.080256,,32584.07,30934.13,63518.2,7685177867961.36,test_olive_x22_y16.log
OLIVE (Non-uniform Quantization),facebook/opt-2.7b,22,16,120884224.0,0.080256,0.48205,0.467155,0.080256,,32555.05,30906.63,63461.69,7671516928934.3,test_olive_x22_y16.log
OLIVE (Non-uniform Quantization),meta-llama/Llama-2-7b-hf,22,16,301486080.0,0.080256,0.48205,0.467155,0.080256,,81291.89,77084.12,158376.01,47748162400848.85,test_olive_x22_y16.log
OLIVE (Non-uniform Quantization),gpt2-large,10,16,6543872.0,0.03648,0.464064,0.467155,0.03648,,800.72,920.95,1721.67,11266370330.0,test_olive_x10_y16.log
OLIVE (Non-uniform Quantization),gpt2-xl,10,16,8232064.0,0.03648,0.464064,0.467155,0.03648,,1009.24,1158.7,2167.94,17846584698.57,test_olive_x10_y16.log
OLIVE (Non-uniform Quantization),microsoft/phi-2,10,16,264962048.0,0.03648,0.464064,0.467155,0.03648,,32584.07,37295.09,69879.16,18515324419640.81,test_olive_x10_y16.log
OLIVE (Non-uniform Quantization),facebook/opt-2.7b,10,16,264726528.0,0.03648,0.464064,0.467155,0.03648,,32555.05,37261.92,69816.97,18482405357512.45,test_olive_x10_y16.log
OLIVE (Non-uniform Quantization),meta-llama/Llama-2-7b-hf,10,16,661405696.0,0.03648,0.464064,0.467155,0.03648,,81291.89,93091.84,174383.73,115338391366914.23,test_olive_x10_y16.log
OLIVE (Non-uniform Quantization),gpt2-large,8,16,8162048.0,0.029184,0.502745,0.467155,0.029184,,800.72,973.44,1774.16,14480771134.69,test_olive_x8_y16.log
OLIVE (Non-uniform Quantization),gpt2-xl,8,16,10255552.0,0.029184,0.502745,0.467155,0.029184,,1009.24,1223.27,2232.51,22895595849.1,test_olive_x8_y16.log
OLIVE (Non-uniform Quantization),microsoft/phi-2,8,16,331153408.0,0.029184,0.502745,0.467155,0.029184,,32584.07,39504.89,72088.95,23872502982975.93,test_olive_x8_y16.log
OLIVE (Non-uniform Quantization),facebook/opt-2.7b,8,16,330856448.0,0.029184,0.502745,0.467155,0.029184,,32555.05,39469.46,72024.52,23829776213532.72,test_olive_x8_y16.log
OLIVE (Non-uniform Quantization),meta-llama/Llama-2-7b-hf,8,16,826179584.0,0.029184,0.502745,0.467155,0.029184,,81291.89,98557.66,179849.55,148588024886782.53,test_olive_x8_y16.log
OLIVE (Non-uniform Quantization),gpt2-large,20,16,3318016.0,0.07296,0.475385,0.467155,0.07296,,800.72,784.16,1584.88,5258658134.13,test_olive_x20_y16.log
OLIVE (Non-uniform Quantization),gpt2-xl,20,16,4198976.0,0.07296,0.475385,0.467155,0.07296,,1009.24,992.36,2001.6,8404666643.23,test_olive_x20_y16.log
OLIVE (Non-uniform Quantization),microsoft/phi-2,20,16,132562944.0,0.07296,0.475385,0.467155,0.07296,,32584.07,31345.27,63929.34,8474661607381.26,test_olive_x20_y16.log
OLIVE (Non-uniform Quantization),facebook/opt-2.7b,20,16,132445184.0,0.07296,0.475385,0.467155,0.07296,,32555.05,31317.42,63872.47,8459601266197.92,test_olive_x20_y16.log
OLIVE (Non-uniform Quantization),meta-llama/Llama-2-7b-hf,20,16,330964992.0,0.07296,0.475385,0.467155,0.07296,,81291.89,78253.54,159545.43,52803950761059.68,test_olive_x20_y16.log
MixPosit (Bit-Serial + Mixed-Precision),gpt2-large,28,16,2461528.0,0.124544,0.515771,0.524382,0.124544,,427.64,315.67,743.31,1829689759.2,test_flexposit_x28_y16.log
MixPosit (Bit-Serial + Mixed-Precision),gpt2-xl,28,16,3123511.9999999995,0.124544,0.515771,0.524382,0.124544,,551.98,400.26,952.23,2974307863.13,test_flexposit_x28_y16.log
MixPosit (Bit-Serial + Mixed-Precision),microsoft/phi-2,28,16,104682592.00000001,0.124544,0.515771,0.524382,0.124544,,17906.17,13317.02,31223.19,3268524575364.2,test_flexposit_x28_y16.log
MixPosit (Bit-Serial + Mixed-Precision),facebook/opt-2.7b,28,16,114077024.0,0.124544,0.515771,0.524382,0.124544,,19549.9,14382.11,33932.01,3870862546036.27,test_flexposit_x28_y16.log
MixPosit (Bit-Serial + Mixed-Precision),meta-llama/Llama-2-7b-hf,28,16,296398560.0,0.124544,0.515771,0.524382,0.124544,,50899.24,37216.29,88115.53,26117316568392.02,test_flexposit_x28_y16.log
OLIVE (Non-uniform Quantization),gpt2-large,80,16,2777338.0,0.29184,0.551929,0.467155,0.29184,,800.72,735.49,1536.2,4266552723.59,test_olive_x80_y16.log
OLIVE (Non-uniform Quantization),gpt2-xl,80,16,3510287.0,0.29184,0.551929,0.467155,0.29184,,1009.24,950.64,1959.88,6879740716.65,test_olive_x80_y16.log
OLIVE (Non-uniform Quantization),microsoft/phi-2,80,16,110252351.0,0.29184,0.551929,0.467155,0.29184,,32584.07,27074.38,59658.44,6577483658272.88,test_olive_x80_y16.log
OLIVE (Non-uniform Quantization),facebook/opt-2.7b,80,16,110153796.0,0.29184,0.551929,0.467155,0.29184,,32555.05,27051.41,59606.46,6565878379156.29,test_olive_x80_y16.log
OLIVE (Non-uniform Quantization),meta-llama/Llama-2-7b-hf,80,16,274954917.0,0.29184,0.551929,0.467155,0.29184,,81291.89,68066.51,149358.4,41066825471798.46,test_olive_x80_y16.log
BitMod (Bit-Serial),gpt2-large,32,16,1424247.0,0.466432,0.485785,0.524382,0.466432,,417.58,503.46,921.03,1311780271.09,test_bitmod_x32_y16.log
BitMod (Bit-Serial),gpt2-xl,32,16,1847650.0,0.466432,0.485785,0.524382,0.466432,,539.8,639.01,1178.82,2178041880.34,test_bitmod_x32_y16.log
BitMod (Bit-Serial),microsoft/phi-2,32,16,55290440.0,0.466432,0.485785,0.524382,0.466432,,16322.37,19760.91,36083.29,1995060860927.22,test_bitmod_x32_y16.log
BitMod (Bit-Serial),facebook/opt-2.7b,32,16,55241069.0,0.466432,0.485785,0.524382,0.466432,,16307.85,19743.22,36051.07,1991499674583.86,test_bitmod_x32_y16.log
BitMod (Bit-Serial),meta-llama/Llama-2-7b-hf,32,16,137830050.0,0.466432,0.485785,0.524382,0.466432,,40756.81,49272.44,90029.25,12408736508339.08,test_bitmod_x32_y16.log
MixPosit (Bit-Serial + Mixed-Precision),gpt2-large,114,16,1480797.0,0.507072,0.60557,0.524382,0.507072,,427.64,328.56,756.2,1119780276.7,test_flexposit_x114_y16.log
MixPosit (Bit-Serial + Mixed-Precision),gpt2-xl,114,16,1896395.0,0.507072,0.60557,0.524382,0.507072,,551.98,429.9,981.88,1862031104.8,test_flexposit_x114_y16.log
MixPosit (Bit-Serial + Mixed-Precision),microsoft/phi-2,114,16,60744782.0,0.507072,0.60557,0.524382,0.507072,,17906.17,12595.58,30501.75,1852822250339.03,test_flexposit_x114_y16.log
MixPosit (Bit-Serial + Mixed-Precision),facebook/opt-2.7b,114,16,66226156.0,0.507072,0.60557,0.524382,0.507072,,19549.9,13673.47,33223.37,2200256109281.13,test_flexposit_x114_y16.log
MixPosit (Bit-Serial + Mixed-Precision),meta-llama/Llama-2-7b-hf,114,16,172147670.0,0.507072,0.60557,0.524382,0.507072,,50899.24,34993.83,85893.07,14786291567936.52,test_flexposit_x114_y16.log
Baseline (FP16),gpt2-large,6,16,10851584.0,0.090432,0.472874,0.485785,0.090432,,1604.79,1331.67,2936.46,31865231558.0,test_baseline_x6_y16.log
Baseline (FP16),gpt2-xl,6,16,13618240.0,0.090432,0.472874,0.485785,0.090432,,2023.31,1671.6,3694.91,50318214613.56,test_baseline_x6_y16.log
Baseline (FP16),microsoft/phi-2,6,16,441779872.0,0.090432,0.472874,0.485785,0.090432,,65179.13,54203.72,119382.86,52740943444490.44,test_baseline_x6_y16.log
Baseline (FP16),facebook/opt-2.7b,6,16,441383072.0,0.090432,0.472874,0.485785,0.090432,,65120.7,54155.04,119275.75,52646295002880.94,test_baseline_x6_y16.log
Baseline (FP16),meta-llama/Llama-2-7b-hf,6,16,1101961536.0,0.090432,0.472874,0.485785,0.090432,,162619.32,135206.6,297825.91,328192702737293.4,test_baseline_x6_y16.log
BitMod (Bit-Serial),gpt2-large,10,16,3300196.0,0.14576,0.464064,0.524382,0.14576,,417.58,557.5,975.08,3217944133.75,test_bitmod_x10_y16.log
BitMod (Bit-Serial),gpt2-xl,10,16,4193312.0,0.14576,0.464064,0.524382,0.14576,,539.8,701.77,1241.58,5206312960.41,test_bitmod_x10_y16.log
BitMod (Bit-Serial),microsoft/phi-2,10,16,132611424.0,0.14576,0.464064,0.524382,0.14576,,16322.37,22558.03,38880.41,5155986132938.22,test_bitmod_x10_y16.log
BitMod (Bit-Serial),facebook/opt-2.7b,10,16,132493664.0,0.14576,0.464064,0.524382,0.14576,,16307.85,22537.97,38845.82,5146825412847.51,test_bitmod_x10_y16.log
BitMod (Bit-Serial),meta-llama/Llama-2-7b-hf,10,16,330930912.0,0.14576,0.464064,0.524382,0.14576,,40756.81,56305.59,97062.4,32120949082395.21,test_bitmod_x10_y16.log
OLIVE (Non-uniform Quantization),gpt2-large,34,16,2777338.0,0.124032,0.48897,0.467155,0.124032,,800.72,739.38,1540.09,4277360914.74,test_olive_x34_y16.log
OLIVE (Non-uniform Quantization),gpt2-xl,34,16,3510287.0,0.124032,0.48897,0.467155,0.124032,,1009.24,938.71,1947.95,6837868787.1,test_olive_x34_y16.log
OLIVE (Non-uniform Quantization),microsoft/phi-2,34,16,110252351.0,0.124032,0.48897,0.467155,0.124032,,32584.07,29154.13,61738.2,6806781630115.81,test_olive_x34_y16.log
OLIVE (Non-uniform Quantization),facebook/opt-2.7b,34,16,110153796.0,0.124032,0.48897,0.467155,0.124032,,32555.05,29128.47,61683.52,6794673959321.95,test_olive_x34_y16.log
OLIVE (Non-uniform Quantization),meta-llama/Llama-2-7b-hf,34,16,274954917.0,0.124032,0.48897,0.467155,0.124032,,81291.89,72412.0,153703.89,42261639337277.18,test_olive_x34_y16.log
BitMod (Bit-Serial),gpt2-large,104,16,1424247.0,1.515904,0.499773,0.524382,1.515904,,417.58,533.07,950.65,1353963790.94,test_bitmod_x104_y16.log
BitMod (Bit-Serial),gpt2-xl,104,16,1847650.0,1.515904,0.499773,0.524382,1.515904,,539.8,695.3,1235.1,2282034626.27,test_bitmod_x104_y16.log
BitMod (Bit-Serial),microsoft/phi-2,104,16,55290440.0,1.515904,0.499773,0.524382,1.515904,,16322.37,19204.54,35526.91,1964298740116.59,test_bitmod_x104_y16.log
BitMod (Bit-Serial),facebook/opt-2.7b,104,16,55241069.0,1.515904,0.499773,0.524382,1.515904,,16307.85,19187.47,35495.32,1960799601686.29,test_bitmod_x104_y16.log
BitMod (Bit-Serial),meta-llama/Llama-2-7b-hf,104,16,137830050.0,1.515904,0.499773,0.524382,1.515904,,40756.81,47688.57,88445.38,12190430537369.33,test_bitmod_x104_y16.log
Baseline (FP16),gpt2-large,50,16,5456734.0,0.7536,0.494503,0.485785,0.7536,,1604.79,935.67,2540.46,13862618948.59,test_baseline_x50_y16.log
Baseline (FP16),gpt2-xl,50,16,6865291.0,0.7536,0.494503,0.485785,0.7536,,2023.31,1195.48,3218.79,22097953022.26,test_baseline_x50_y16.log
Baseline (FP16),microsoft/phi-2,50,16,220404076.0,0.7536,0.494503,0.485785,0.7536,,65179.13,36225.74,101404.88,22350048394863.04,test_baseline_x50_y16.log
Baseline (FP16),facebook/opt-2.7b,50,16,220206503.0,0.7536,0.494503,0.485785,0.7536,,65120.7,36194.57,101315.27,22310281381205.52,test_baseline_x50_y16.log
Baseline (FP16),meta-llama/Llama-2-7b-hf,50,16,549799110.0,0.7536,0.494503,0.485785,0.7536,,162619.32,89617.42,252236.74,138679534743527.53,test_baseline_x50_y16.log
Baseline (FP16),gpt2-large,114,16,5456734.0,1.718208,0.60557,0.485785,1.718208,,1604.79,983.18,2587.97,14121853348.7,test_baseline_x114_y16.log
Baseline (FP16),gpt2-xl,114,16,6865291.0,1.718208,0.60557,0.485785,1.718208,,2023.31,1284.36,3307.67,22708150361.28,test_baseline_x114_y16.log
Baseline (FP16),microsoft/phi-2,114,16,220404076.0,1.718208,0.60557,0.485785,1.718208,,65179.13,35360.2,100539.33,22159278674229.92,test_baseline_x114_y16.log
Baseline (FP16),facebook/opt-2.7b,114,16,220206503.0,1.718208,0.60557,0.485785,1.718208,,65120.7,35326.09,100446.8,22119037725771.13,test_baseline_x114_y16.log
Baseline (FP16),meta-llama/Llama-2-7b-hf,114,16,549799110.0,1.718208,0.60557,0.485785,1.718208,,162619.32,86966.0,249585.32,137221786341438.98,test_baseline_x114_y16.log
Baseline (FP16),gpt2-large,42,16,5456734.0,0.633024,0.479162,0.485785,0.633024,,1604.79,938.73,2543.53,13879340253.04,test_baseline_x42_y16.log
Baseline (FP16),gpt2-xl,42,16,6865291.0,0.633024,0.479162,0.485785,0.633024,,2023.31,1195.58,3218.89,22098636028.96,test_baseline_x42_y16.log
Baseline (FP16),microsoft/phi-2,42,16,220404076.0,0.633024,0.479162,0.485785,0.633024,,65179.13,36431.77,101610.91,22395458203999.39,test_baseline_x42_y16.log
Baseline (FP16),facebook/opt-2.7b,42,16,220206503.0,0.633024,0.479162,0.485785,0.633024,,65120.7,36397.94,101518.64,22355064911163.27,test_baseline_x42_y16.log
Baseline (FP16),meta-llama/Llama-2-7b-hf,42,16,549799110.0,0.633024,0.479162,0.485785,0.633024,,162619.32,91111.98,253731.3,139501240815676.7,test_baseline_x42_y16.log
MixPosit (Bit-Serial + Mixed-Precision),gpt2-large,90,16,1480797.0,0.40032,0.560651,0.524382,0.40032,,427.64,318.83,746.48,1105378393.99,test_flexposit_x90_y16.log
MixPosit (Bit-Serial + Mixed-Precision),gpt2-xl,90,16,1896395.0,0.40032,0.560651,0.524382,0.40032,,551.98,413.97,965.94,1831813139.12,test_flexposit_x90_y16.log
MixPosit (Bit-Serial + Mixed-Precision),microsoft/phi-2,90,16,60744782.0,0.40032,0.560651,0.524382,0.40032,,17906.17,12528.59,30434.77,1848753189203.27,test_flexposit_x90_y16.log
MixPosit (Bit-Serial + Mixed-Precision),facebook/opt-2.7b,90,16,66226156.0,0.40032,0.560651,0.524382,0.40032,,19549.9,13593.67,33143.57,2194971205852.81,test_flexposit_x90_y16.log
MixPosit (Bit-Serial + Mixed-Precision),meta-llama/Llama-2-7b-hf,90,16,172147670.0,0.40032,0.560651,0.524382,0.40032,,50899.24,35064.24,85963.49,14798413673025.69,test_flexposit_x90_y16.log
OLIVE (Non-uniform Quantization),gpt2-large,114,16,2777338.0,0.415872,0.508079,0.467155,0.415872,,800.72,764.19,1564.9,4346263767.87,test_olive_x114_y16.log
OLIVE (Non-uniform Quantization),gpt2-xl,114,16,3510287.0,0.415872,0.508079,0.467155,0.415872,,1009.24,999.07,2008.31,7049728740.93,test_olive_x114_y16.log
OLIVE (Non-uniform Quantization),microsoft/phi-2,114,16,110252351.0,0.415872,0.508079,0.467155,0.415872,,32584.07,27409.32,59993.38,6614411396186.52,test_olive_x114_y16.log
OLIVE (Non-uniform Quantization),facebook/opt-2.7b,114,16,110153796.0,0.415872,0.508079,0.467155,0.415872,,32555.05,27382.84,59937.89,6602386151938.37,test_olive_x114_y16.log
OLIVE (Non-uniform Quantization),meta-llama/Llama-2-7b-hf,114,16,274954917.0,0.415872,0.508079,0.467155,0.415872,,81291.89,67389.05,148680.94,40880554930455.5,test_olive_x114_y16.log
MixPosit (Bit-Serial + Mixed-Precision),gpt2-large,118,16,1480797.0,0.524864,0.610255,0.524382,0.524864,,427.64,329.57,757.22,1121283967.4,test_flexposit_x118_y16.log
MixPosit (Bit-Serial + Mixed-Precision),gpt2-xl,118,16,1896395.0,0.524864,0.610255,0.524382,0.524864,,551.98,431.8,983.77,1865622272.95,test_flexposit_x118_y16.log
MixPosit (Bit-Serial + Mixed-Precision),microsoft/phi-2,118,16,60744782.0,0.524864,0.610255,0.524382,0.524864,,17906.17,12499.88,30406.05,1847009022893.59,test_flexposit_x118_y16.log
MixPosit (Bit-Serial + Mixed-Precision),facebook/opt-2.7b,118,16,66226156.0,0.524864,0.610255,0.524382,0.524864,,19549.9,13572.94,33122.84,2193598691295.68,test_flexposit_x118_y16.log
MixPosit (Bit-Serial + Mixed-Precision),meta-llama/Llama-2-7b-hf,118,16,172147670.0,0.524864,0.610255,0.524382,0.524864,,50899.24,35092.8,85992.04,14803329252726.27,test_flexposit_x118_y16.log
MixPosit (Bit-Serial + Mixed-Precision),gpt2-large,110,16,1480797.0,0.48928,0.606837,0.524382,0.48928,,427.64,325.11,752.75,1114670837.38,test_flexposit_x110_y16.log
MixPosit (Bit-Serial + Mixed-Precision),gpt2-xl,110,16,1896395.0,0.48928,0.606837,0.524382,0.48928,,551.98,424.98,976.96,1852704987.87,test_flexposit_x110_y16.log
MixPosit (Bit-Serial + Mixed-Precision),microsoft/phi-2,110,16,60744782.0,0.48928,0.606837,0.524382,0.48928,,17906.17,12587.01,30493.18,1852301724019.32,test_flexposit_x110_y16.log
MixPosit (Bit-Serial + Mixed-Precision),facebook/opt-2.7b,110,16,66226156.0,0.48928,0.606837,0.524382,0.48928,,19549.9,13661.97,33211.87,2199494487231.36,test_flexposit_x110_y16.log
MixPosit (Bit-Serial + Mixed-Precision),meta-llama/Llama-2-7b-hf,110,16,172147670.0,0.48928,0.606837,0.524382,0.48928,,50899.24,35129.24,86028.48,14809603146430.32,test_flexposit_x110_y16.log
Baseline (FP16),gpt2-large,106,16,5456734.0,1.597632,0.597357,0.485785,1.597632,,1604.79,968.49,2573.28,14041706648.48,test_baseline_x106_y16.log
Baseline (FP16),gpt2-xl,106,16,6865291.0,1.597632,0.597357,0.485785,1.597632,,2023.31,1262.44,3285.75,22557644882.21,test_baseline_x106_y16.log
Baseline (FP16),microsoft/phi-2,106,16,220404076.0,1.597632,0.597357,0.485785,1.597632,,65179.13,35320.57,100499.71,22150544810840.5,test_baseline_x106_y16.log
Baseline (FP16),facebook/opt-2.7b,106,16,220206503.0,1.597632,0.597357,0.485785,1.597632,,65120.7,35288.96,100409.66,22110860301037.33,test_baseline_x106_y16.log
Baseline (FP16),meta-llama/Llama-2-7b-hf,106,16,549799110.0,1.597632,0.597357,0.485785,1.597632,,162619.32,86470.6,249089.92,136949414321940.1,test_baseline_x106_y16.log
OLIVE (Non-uniform Quantization),gpt2-large,100,16,2777338.0,0.3648,0.494503,0.467155,0.3648,,800.72,751.07,1551.78,4309821512.32,test_olive_x100_y16.log
OLIVE (Non-uniform Quantization),gpt2-xl,100,16,3510287.0,0.3648,0.494503,0.467155,0.3648,,1009.24,977.63,1986.87,6974468580.26,test_olive_x100_y16.log
OLIVE (Non-uniform Quantization),microsoft/phi-2,100,16,110252351.0,0.3648,0.494503,0.467155,0.3648,,32584.07,27262.27,59846.34,6598199150951.98,test_olive_x100_y16.log
OLIVE (Non-uniform Quantization),facebook/opt-2.7b,100,16,110153796.0,0.3648,0.494503,0.467155,0.3648,,32555.05,27238.93,59793.99,6586534520017.64,test_olive_x100_y16.log
OLIVE (Non-uniform Quantization),meta-llama/Llama-2-7b-hf,100,16,274954917.0,0.3648,0.494503,0.467155,0.3648,,81291.89,67385.58,148677.47,40879600529993.16,test_olive_x100_y16.log
Baseline (FP16),gpt2-large,26,16,5456734.0,0.391872,0.530432,0.485785,0.391872,,1604.79,954.64,2559.43,13966151070.01,test_baseline_x26_y16.log
Baseline (FP16),gpt2-xl,26,16,6865291.0,0.391872,0.530432,0.485785,0.391872,,2023.31,1207.87,3231.19,22183038130.58,test_baseline_x26_y16.log
Baseline (FP16),microsoft/phi-2,26,16,220404076.0,0.391872,0.530432,0.485785,0.391872,,65179.13,37977.34,103156.48,22736107841513.67,test_baseline_x26_y16.log
Baseline (FP16),facebook/opt-2.7b,26,16,220206503.0,0.391872,0.530432,0.485785,0.391872,,65120.7,37943.17,103063.87,22695334351797.4,test_baseline_x26_y16.log
Baseline (FP16),meta-llama/Llama-2-7b-hf,26,16,549799110.0,0.391872,0.530432,0.485785,0.391872,,162619.32,94584.03,257203.35,141410174263526.72,test_baseline_x26_y16.log
BitMod (Bit-Serial),gpt2-large,88,16,1424247.0,1.282688,0.48244,0.524382,1.282688,,417.58,523.92,941.5,1340922245.53,test_bitmod_x88_y16.log
BitMod (Bit-Serial),gpt2-xl,88,16,1847650.0,1.282688,0.48244,0.524382,1.282688,,539.8,679.57,1219.38,2252985584.86,test_bitmod_x88_y16.log
BitMod (Bit-Serial),microsoft/phi-2,88,16,55290440.0,1.282688,0.48244,0.524382,1.282688,,16322.37,19446.51,35768.89,1977677438001.73,test_bitmod_x88_y16.log
BitMod (Bit-Serial),facebook/opt-2.7b,88,16,55241069.0,1.282688,0.48244,0.524382,1.282688,,16307.85,19430.37,35738.22,1974217576106.75,test_bitmod_x88_y16.log
BitMod (Bit-Serial),meta-llama/Llama-2-7b-hf,88,16,137830050.0,1.282688,0.48244,0.524382,1.282688,,40756.81,47826.73,88583.54,12209473959024.36,test_bitmod_x88_y16.log
MixPosit (Bit-Serial + Mixed-Precision),gpt2-large,36,16,1939351.9999999998,0.160128,0.535461,0.524382,0.160128,,427.64,310.46,738.11,1431453998.7,test_flexposit_x36_y16.log
MixPosit (Bit-Serial + Mixed-Precision),gpt2-xl,36,16,2470792.0,0.160128,0.535461,0.524382,0.160128,,551.98,394.99,946.96,2339749442.45,test_flexposit_x36_y16.log
MixPosit (Bit-Serial + Mixed-Precision),microsoft/phi-2,36,16,81822304.00000001,0.160128,0.535461,0.524382,0.160128,,17906.17,13013.0,30919.17,2529878095803.79,test_flexposit_x36_y16.log
MixPosit (Bit-Serial + Mixed-Precision),facebook/opt-2.7b,36,16,89160032.0,0.160128,0.535461,0.524382,0.160128,,19549.9,14074.69,33624.59,2997969659237.9,test_flexposit_x36_y16.log
MixPosit (Bit-Serial + Mixed-Precision),meta-llama/Llama-2-7b-hf,36,16,230104800.0,0.160128,0.535461,0.524382,0.160128,,50899.24,36213.79,87113.03,20045126259698.23,test_flexposit_x36_y16.log
OLIVE (Non-uniform Quantization),gpt2-large,116,16,2777338.0,0.423168,0.507859,0.467155,0.423168,,800.72,766.01,1566.73,4351325249.6,test_olive_x116_y16.log
OLIVE (Non-uniform Quantization),gpt2-xl,116,16,3510287.0,0.423168,0.507859,0.467155,0.423168,,1009.24,1002.06,2011.3,7060253950.96,test_olive_x116_y16.log
OLIVE (Non-uniform Quantization),microsoft/phi-2,116,16,110252351.0,0.423168,0.507859,0.467155,0.423168,,32584.07,27716.29,60300.35,6648255699864.06,test_olive_x116_y16.log
OLIVE (Non-uniform Quantization),facebook/opt-2.7b,116,16,110153796.0,0.423168,0.507859,0.467155,0.423168,,32555.05,27692.27,60247.32,6636471377147.51,test_olive_x116_y16.log
OLIVE (Non-uniform Quantization),meta-llama/Llama-2-7b-hf,116,16,274954917.0,0.423168,0.507859,0.467155,0.423168,,81291.89,67813.83,149105.72,40997350570323.76,test_olive_x116_y16.log
OLIVE (Non-uniform Quantization),gpt2-large,12,16,5472512.0,0.043776,0.472874,0.467155,0.043776,,800.72,876.42,1677.14,9178159095.24,test_olive_x12_y16.log
OLIVE (Non-uniform Quantization),gpt2-xl,12,16,6892864.0,0.043776,0.472874,0.467155,0.043776,,1009.24,1104.01,2113.25,14566330003.61,test_olive_x12_y16.log
OLIVE (Non-uniform Quantization),microsoft/phi-2,12,16,221318656.0,0.043776,0.472874,0.467155,0.043776,,32584.07,35448.69,68032.76,15056918032110.02,test_olive_x12_y16.log
OLIVE (Non-uniform Quantization),facebook/opt-2.7b,12,16,221121536.0,0.043776,0.472874,0.467155,0.043776,,32555.05,35417.1,67972.16,15030108135448.88,test_olive_x12_y16.log
OLIVE (Non-uniform Quantization),meta-llama/Llama-2-7b-hf,12,16,551636992.0,0.043776,0.472874,0.467155,0.043776,,81291.89,88359.49,169651.38,93585976706978.06,test_olive_x12_y16.log
OLIVE (Non-uniform Quantization),gpt2-large,6,16,10851584.0,0.021888,0.46746,0.467155,0.021888,,800.72,1115.72,1916.44,20796366238.46,test_olive_x6_y16.log
OLIVE (Non-uniform Quantization),gpt2-xl,6,16,13618240.0,0.021888,0.46746,0.467155,0.021888,,1009.24,1400.42,2409.66,32815319366.38,test_olive_x6_y16.log
OLIVE (Non-uniform Quantization),microsoft/phi-2,6,16,441736192.0,0.021888,0.46746,0.467155,0.021888,,32584.07,45419.16,78003.22,34456846007758.52,test_olive_x6_y16.log
OLIVE (Non-uniform Quantization),facebook/opt-2.7b,6,16,441339392.0,0.021888,0.46746,0.467155,0.021888,,32555.05,45378.36,77933.42,34395087160641.16,test_olive_x6_y16.log
OLIVE (Non-uniform Quantization),meta-llama/Llama-2-7b-hf,6,16,1101873152.0,0.021888,0.46746,0.467155,0.021888,,81291.89,113294.77,194586.66,214409812768362.2,test_olive_x6_y16.log
Baseline (FP16),gpt2-large,38,16,5456734.0,0.572736,0.542996,0.485785,0.572736,,1604.79,932.89,2537.69,13847475806.95,test_baseline_x38_y16.log
Baseline (FP16),gpt2-xl,38,16,6865291.0,0.572736,0.542996,0.485785,0.572736,,2023.31,1186.23,3209.55,22034460436.61,test_baseline_x38_y16.log
Baseline (FP16),microsoft/phi-2,38,16,220404076.0,0.572736,0.542996,0.485785,0.572736,,65179.13,36599.09,101778.22,22432334491342.18,test_baseline_x38_y16.log
Baseline (FP16),facebook/opt-2.7b,38,16,220206503.0,0.572736,0.542996,0.485785,0.572736,,65120.7,36565.8,101686.5,22392029365432.32,test_baseline_x38_y16.log
Baseline (FP16),meta-llama/Llama-2-7b-hf,38,16,549799110.0,0.572736,0.542996,0.485785,0.572736,,162619.32,90819.9,253439.22,139340655186730.42,test_baseline_x38_y16.log
OLIVE (Non-uniform Quantization),gpt2-large,42,16,2777338.0,0.153216,0.504742,0.467155,0.153216,,800.72,730.05,1530.77,4251462439.68,test_olive_x42_y16.log
OLIVE (Non-uniform Quantization),gpt2-xl,42,16,3510287.0,0.153216,0.504742,0.467155,0.153216,,1009.24,929.97,1939.21,6807193790.71,test_olive_x42_y16.log
OLIVE (Non-uniform Quantization),microsoft/phi-2,42,16,110252351.0,0.153216,0.504742,0.467155,0.153216,,32584.07,28312.4,60896.46,6713978306126.31,test_olive_x42_y16.log
OLIVE (Non-uniform Quantization),facebook/opt-2.7b,42,16,110153796.0,0.153216,0.504742,0.467155,0.153216,,32555.05,28286.09,60841.14,6701882829253.52,test_olive_x42_y16.log
OLIVE (Non-uniform Quantization),meta-llama/Llama-2-7b-hf,42,16,274954917.0,0.153216,0.504742,0.467155,0.153216,,81291.89,70809.06,152100.95,41820904743109.76,test_olive_x42_y16.log
MixPosit (Bit-Serial + Mixed-Precision),gpt2-large,12,16,5609324.799999992,0.053376,0.500401,0.524382,0.053376,,427.64,349.76,777.4,4360688952.51,test_flexposit_x12_y16.log
MixPosit (Bit-Serial + Mixed-Precision),gpt2-xl,12,16,7065185.600000008,0.053376,0.500401,0.524382,0.053376,,551.98,441.15,993.13,7016619573.55,test_flexposit_x12_y16.log
MixPosit (Bit-Serial + Mixed-Precision),microsoft/phi-2,12,16,243477817.60000038,0.053376,0.500401,0.524382,0.053376,,17906.17,14939.61,32845.78,7997218123030.37,test_flexposit_x12_y16.log
MixPosit (Bit-Serial + Mixed-Precision),facebook/opt-2.7b,12,16,265356755.1999998,0.053376,0.500401,0.524382,0.053376,,19549.9,16013.16,35563.06,9436899149766.34,test_flexposit_x12_y16.log
MixPosit (Bit-Serial + Mixed-Precision),meta-llama/Llama-2-7b-hf,12,16,689569088.0,0.053376,0.500401,0.524382,0.053376,,50899.24,41303.54,92202.78,63580189692769.31,test_flexposit_x12_y16.log
Baseline (FP16),gpt2-large,58,16,5456734.0,0.874176,0.507859,0.485785,0.874176,,1604.79,943.26,2548.06,13904067536.06,test_baseline_x58_y16.log
Baseline (FP16),gpt2-xl,58,16,6865291.0,0.874176,0.507859,0.485785,0.874176,,2023.31,1208.61,3231.93,22188108374.16,test_baseline_x58_y16.log
Baseline (FP16),microsoft/phi-2,58,16,220404076.0,0.874176,0.507859,0.485785,0.874176,,65179.13,36271.74,101450.87,22360186173291.58,test_baseline_x58_y16.log
Baseline (FP16),facebook/opt-2.7b,58,16,220206503.0,0.874176,0.507859,0.485785,0.874176,,65120.7,36239.71,101360.41,22320221320765.0,test_baseline_x58_y16.log
Baseline (FP16),meta-llama/Llama-2-7b-hf,58,16,549799110.0,0.874176,0.507859,0.485785,0.874176,,162619.32,89578.32,252197.64,138658036641280.84,test_baseline_x58_y16.log
Baseline (FP16),gpt2-large,48,16,5456734.0,0.723456,0.490169,0.485785,0.723456,,1604.79,935.78,2540.58,13863243929.02,test_baseline_x48_y16.log
Baseline (FP16),gpt2-xl,48,16,6865291.0,0.723456,0.490169,0.485785,0.723456,,2023.31,1194.68,3218.0,22092489860.23,test_baseline_x48_y16.log
Baseline (FP16),microsoft/phi-2,48,16,220404076.0,0.723456,0.490169,0.485785,0.723456,,65179.13,36280.93,101460.07,22362212217794.44,test_baseline_x48_y16.log
Baseline (FP16),facebook/opt-2.7b,48,16,220206503.0,0.723456,0.490169,0.485785,0.723456,,65120.7,36249.27,101369.98,22322328043760.68,test_baseline_x48_y16.log
Baseline (FP16),meta-llama/Llama-2-7b-hf,48,16,549799110.0,0.723456,0.490169,0.485785,0.723456,,162619.32,90147.41,252766.73,138970922109063.97,test_baseline_x48_y16.log
Baseline (FP16),gpt2-large,14,16,5463142.0,0.211008,0.48294,0.485785,0.211008,,1604.79,1049.67,2654.46,14501703531.17,test_baseline_x14_y16.log
Baseline (FP16),gpt2-xl,14,16,6867595.0,0.211008,0.48294,0.485785,0.211008,,2023.31,1321.27,3344.58,22969254373.85,test_baseline_x14_y16.log
Baseline (FP16),microsoft/phi-2,14,16,220407468.0,0.211008,0.48294,0.485785,0.211008,,65179.13,42276.74,107455.88,23684077674959.14,test_baseline_x14_y16.log
Baseline (FP16),facebook/opt-2.7b,14,16,220209895.0,0.211008,0.48294,0.485785,0.211008,,65120.7,42238.49,107359.2,23641557943995.5,test_baseline_x14_y16.log
Baseline (FP16),meta-llama/Llama-2-7b-hf,14,16,549799110.0,0.211008,0.48294,0.485785,0.211008,,162619.32,105500.01,268119.33,147411770161180.25,test_baseline_x14_y16.log
MixPosit (Bit-Serial + Mixed-Precision),gpt2-large,26,16,2642584.0,0.115648,0.530432,0.524382,0.115648,,427.64,315.48,743.12,1963763933.92,test_flexposit_x26_y16.log
MixPosit (Bit-Serial + Mixed-Precision),gpt2-xl,26,16,3349831.9999999995,0.115648,0.530432,0.524382,0.115648,,551.98,399.69,951.67,3187918186.68,test_flexposit_x26_y16.log
MixPosit (Bit-Serial + Mixed-Precision),microsoft/phi-2,26,16,112649056.0,0.115648,0.530432,0.524382,0.115648,,17906.17,13329.98,31236.15,3518722680407.87,test_flexposit_x26_y16.log
MixPosit (Bit-Serial + Mixed-Precision),facebook/opt-2.7b,26,16,122758496.0,0.115648,0.530432,0.524382,0.115648,,19549.9,14388.12,33938.02,4166180837249.19,test_flexposit_x26_y16.log
MixPosit (Bit-Serial + Mixed-Precision),meta-llama/Llama-2-7b-hf,26,16,318732000.0,0.115648,0.530432,0.524382,0.115648,,50899.24,37197.75,88096.99,28079329056069.64,test_flexposit_x26_y16.log
OLIVE (Non-uniform Quantization),gpt2-large,96,16,2777338.0,0.350208,0.490169,0.467155,0.350208,,800.72,748.46,1549.18,4302583218.09,test_olive_x96_y16.log
OLIVE (Non-uniform Quantization),gpt2-xl,96,16,3510287.0,0.350208,0.490169,0.467155,0.350208,,1009.24,972.9,1982.14,6957868328.81,test_olive_x96_y16.log
OLIVE (Non-uniform Quantization),microsoft/phi-2,96,16,110252351.0,0.350208,0.490169,0.467155,0.350208,,32584.07,27231.65,59815.72,6594823836467.65,test_olive_x96_y16.log
OLIVE (Non-uniform Quantization),facebook/opt-2.7b,96,16,110153796.0,0.350208,0.490169,0.467155,0.350208,,32555.05,27206.78,59761.83,6582992448534.1,test_olive_x96_y16.log
OLIVE (Non-uniform Quantization),meta-llama/Llama-2-7b-hf,96,16,274954917.0,0.350208,0.490169,0.467155,0.350208,,81291.89,67582.68,148874.57,40933796048853.73,test_olive_x96_y16.log
MixPosit (Bit-Serial + Mixed-Precision),gpt2-large,70,16,1480797.0,0.31136,0.522987,0.524382,0.31136,,427.64,314.06,741.7,1098309857.84,test_flexposit_x70_y16.log
MixPosit (Bit-Serial + Mixed-Precision),gpt2-xl,70,16,1896395.0,0.31136,0.522987,0.524382,0.31136,,551.98,404.85,956.83,1814529680.57,test_flexposit_x70_y16.log
MixPosit (Bit-Serial + Mixed-Precision),microsoft/phi-2,70,16,60744782.0,0.31136,0.522987,0.524382,0.31136,,17906.17,12621.67,30527.84,1854407282409.0,test_flexposit_x70_y16.log
MixPosit (Bit-Serial + Mixed-Precision),facebook/opt-2.7b,70,16,66226156.0,0.31136,0.522987,0.524382,0.31136,,19549.9,13685.85,33235.75,2201075966368.98,test_flexposit_x70_y16.log
MixPosit (Bit-Serial + Mixed-Precision),meta-llama/Llama-2-7b-hf,70,16,172147670.0,0.31136,0.522987,0.524382,0.31136,,50899.24,35384.79,86284.03,14853595186336.08,test_flexposit_x70_y16.log
BitMod (Bit-Serial),gpt2-large,46,16,1424247.0,0.670496,0.516173,0.524382,0.670496,,417.58,503.07,920.65,1311230182.52,test_bitmod_x46_y16.log
BitMod (Bit-Serial),gpt2-xl,46,16,1847650.0,0.670496,0.516173,0.524382,0.670496,,539.8,642.26,1182.07,2184047942.19,test_bitmod_x46_y16.log
BitMod (Bit-Serial),microsoft/phi-2,46,16,55290440.0,0.670496,0.516173,0.524382,0.670496,,16322.37,19446.93,35769.31,1977700659817.16,test_bitmod_x46_y16.log
BitMod (Bit-Serial),facebook/opt-2.7b,46,16,55241069.0,0.670496,0.516173,0.524382,0.670496,,16307.85,19428.92,35736.77,1974137569646.99,test_bitmod_x46_y16.log
BitMod (Bit-Serial),meta-llama/Llama-2-7b-hf,46,16,137830050.0,0.670496,0.516173,0.524382,0.670496,,40756.81,48593.28,89350.09,12315127750620.13,test_bitmod_x46_y16.log
Baseline (FP16),gpt2-large,16,16,5463142.0,0.241152,0.485785,0.485785,0.241152,,1604.79,1019.13,2623.93,14334883065.04,test_baseline_x16_y16.log
Baseline (FP16),gpt2-xl,16,16,6867595.0,0.241152,0.485785,0.485785,0.241152,,2023.31,1284.02,3307.33,22713404518.55,test_baseline_x16_y16.log
Baseline (FP16),microsoft/phi-2,16,16,220404076.0,0.241152,0.485785,0.485785,0.241152,,65179.13,40879.41,106058.55,23375736083019.93,test_baseline_x16_y16.log
Baseline (FP16),facebook/opt-2.7b,16,16,220206503.0,0.241152,0.485785,0.485785,0.241152,,65120.7,40842.77,105963.48,23333846808017.69,test_baseline_x16_y16.log
Baseline (FP16),meta-llama/Llama-2-7b-hf,16,16,549799110.0,0.241152,0.485785,0.485785,0.241152,,162619.32,101968.61,264587.93,145470206014786.2,test_baseline_x16_y16.log
MixPosit (Bit-Serial + Mixed-Precision),gpt2-large,74,16,1480797.0,0.329152,0.528669,0.524382,0.329152,,427.64,315.01,742.65,1099717488.03,test_flexposit_x74_y16.log
MixPosit (Bit-Serial + Mixed-Precision),gpt2-xl,74,16,1896395.0,0.329152,0.528669,0.524382,0.329152,,551.98,406.67,958.65,1817970608.03,test_flexposit_x74_y16.log
MixPosit (Bit-Serial + Mixed-Precision),microsoft/phi-2,74,16,60744782.0,0.329152,0.528669,0.524382,0.329152,,17906.17,12580.47,30486.64,1851904098025.43,test_flexposit_x74_y16.log
MixPosit (Bit-Serial + Mixed-Precision),facebook/opt-2.7b,74,16,66226156.0,0.329152,0.528669,0.524382,0.329152,,19549.9,13643.69,33193.59,2198283950366.52,test_flexposit_x74_y16.log
MixPosit (Bit-Serial + Mixed-Precision),meta-llama/Llama-2-7b-hf,74,16,172147670.0,0.329152,0.528669,0.524382,0.329152,,50899.24,35296.05,86195.29,14838319164836.99,test_flexposit_x74_y16.log
BitMod (Bit-Serial),gpt2-large,94,16,1424247.0,1.370144,0.488668,0.524382,1.370144,,417.58,526.85,944.42,1345093198.19,test_bitmod_x94_y16.log
BitMod (Bit-Serial),gpt2-xl,94,16,1847650.0,1.370144,0.488668,0.524382,1.370144,,539.8,684.84,1224.64,2262711304.14,test_bitmod_x94_y16.log
BitMod (Bit-Serial),microsoft/phi-2,94,16,55290440.0,1.370144,0.488668,0.524382,1.370144,,16322.37,19354.99,35677.37,1972617232110.0,test_bitmod_x94_y16.log
BitMod (Bit-Serial),facebook/opt-2.7b,94,16,55241069.0,1.370144,0.488668,0.524382,1.370144,,16307.85,19337.81,35645.66,1969104477511.41,test_bitmod_x94_y16.log
BitMod (Bit-Serial),meta-llama/Llama-2-7b-hf,94,16,137830050.0,1.370144,0.488668,0.524382,1.370144,,40756.81,47761.97,88518.77,12200547143676.74,test_bitmod_x94_y16.log
OLIVE (Non-uniform Quantization),gpt2-large,64,16,2777338.0,0.233472,0.524382,0.467155,0.233472,,800.72,730.4,1531.12,4252424510.28,test_olive_x64_y16.log
OLIVE (Non-uniform Quantization),gpt2-xl,64,16,3510287.0,0.233472,0.524382,0.467155,0.233472,,1009.24,938.45,1947.68,6836932056.32,test_olive_x64_y16.log
OLIVE (Non-uniform Quantization),microsoft/phi-2,64,16,110252351.0,0.233472,0.524382,0.467155,0.233472,,32584.07,27469.1,60053.17,6621003259577.43,test_olive_x64_y16.log
OLIVE (Non-uniform Quantization),facebook/opt-2.7b,64,16,110153796.0,0.233472,0.524382,0.467155,0.233472,,32555.05,27445.37,60000.42,6609274421713.5,test_olive_x64_y16.log
OLIVE (Non-uniform Quantization),meta-llama/Llama-2-7b-hf,64,16,274954917.0,0.233472,0.524382,0.467155,0.233472,,81291.89,68443.94,149735.83,41170602544789.03,test_olive_x64_y16.log
MixPosit (Bit-Serial + Mixed-Precision),gpt2-large,80,16,1480797.0,0.35584,0.538446,0.524382,0.35584,,427.64,316.19,743.83,1101463702.67,test_flexposit_x80_y16.log
MixPosit (Bit-Serial + Mixed-Precision),gpt2-xl,80,16,1896395.0,0.35584,0.538446,0.524382,0.35584,,551.98,409.08,961.06,1822550781.16,test_flexposit_x80_y16.log
MixPosit (Bit-Serial + Mixed-Precision),microsoft/phi-2,80,16,60744782.0,0.35584,0.538446,0.524382,0.35584,,17906.17,12426.65,30332.82,1842560607923.48,test_flexposit_x80_y16.log
MixPosit (Bit-Serial + Mixed-Precision),facebook/opt-2.7b,80,16,66226156.0,0.35584,0.538446,0.524382,0.35584,,19549.9,13479.76,33029.66,2187427734548.41,test_flexposit_x80_y16.log
MixPosit (Bit-Serial + Mixed-Precision),meta-llama/Llama-2-7b-hf,80,16,172147670.0,0.35584,0.538446,0.524382,0.35584,,50899.24,35252.4,86151.64,14830804058036.78,test_flexposit_x80_y16.log
MixPosit (Bit-Serial + Mixed-Precision),gpt2-large,84,16,1480797.0,0.373632,0.547719,0.524382,0.373632,,427.64,317.19,744.84,1102950870.81,test_flexposit_x84_y16.log
MixPosit (Bit-Serial + Mixed-Precision),gpt2-xl,84,16,1896395.0,0.373632,0.547719,0.524382,0.373632,,551.98,410.97,962.95,1826128797.01,test_flexposit_x84_y16.log
MixPosit (Bit-Serial + Mixed-Precision),microsoft/phi-2,84,16,60744782.0,0.373632,0.547719,0.524382,0.373632,,17906.17,12535.89,30442.06,1849196568465.15,test_flexposit_x84_y16.log
MixPosit (Bit-Serial + Mixed-Precision),facebook/opt-2.7b,84,16,66226156.0,0.373632,0.547719,0.524382,0.373632,,19549.9,13599.32,33149.22,2195345280376.59,test_flexposit_x84_y16.log
MixPosit (Bit-Serial + Mixed-Precision),meta-llama/Llama-2-7b-hf,84,16,172147670.0,0.373632,0.547719,0.524382,0.373632,,50899.24,35059.81,85959.05,14797650751827.6,test_flexposit_x84_y16.log
Baseline (FP16),gpt2-large,100,16,5456734.0,1.5072,0.581567,0.485785,1.5072,,1604.79,961.66,2566.46,14004473448.57,test_baseline_x100_y16.log
Baseline (FP16),gpt2-xl,100,16,6865291.0,1.5072,0.581567,0.485785,1.5072,,2023.31,1251.08,3274.4,22479702263.9,test_baseline_x100_y16.log
Baseline (FP16),microsoft/phi-2,100,16,220404076.0,1.5072,0.581567,0.485785,1.5072,,65179.13,34973.62,100152.75,22074075248613.63,test_baseline_x100_y16.log
Baseline (FP16),facebook/opt-2.7b,100,16,220206503.0,1.5072,0.581567,0.485785,1.5072,,65120.7,34943.66,100064.36,22034822780922.51,test_baseline_x100_y16.log
Baseline (FP16),meta-llama/Llama-2-7b-hf,100,16,549799110.0,1.5072,0.581567,0.485785,1.5072,,162619.32,86460.16,249079.48,136943673823043.36,test_baseline_x100_y16.log
MixPosit (Bit-Serial + Mixed-Precision),gpt2-large,22,16,3104407.9999999995,0.097856,0.511153,0.524382,0.097856,,427.64,319.71,747.35,2320092241.58,test_flexposit_x22_y16.log
MixPosit (Bit-Serial + Mixed-Precision),gpt2-xl,22,16,3930030.3999999906,0.097856,0.511153,0.524382,0.097856,,551.98,405.58,957.56,3763239233.2,test_flexposit_x22_y16.log
MixPosit (Bit-Serial + Mixed-Precision),microsoft/phi-2,22,16,133121376.0,0.097856,0.511153,0.524382,0.097856,,17906.17,13571.86,31478.03,4190398159314.41,test_flexposit_x22_y16.log
MixPosit (Bit-Serial + Mixed-Precision),facebook/opt-2.7b,22,16,145073504.0,0.097856,0.511153,0.524382,0.097856,,19549.9,14632.88,34182.78,4959016235005.87,test_flexposit_x22_y16.log
MixPosit (Bit-Serial + Mixed-Precision),meta-llama/Llama-2-7b-hf,22,16,376884960.0,0.097856,0.511153,0.524382,0.097856,,50899.24,37832.05,88731.29,33441488519793.87,test_flexposit_x22_y16.log
OLIVE (Non-uniform Quantization),gpt2-large,94,16,2777338.0,0.342912,0.488668,0.467155,0.342912,,800.72,747.18,1547.9,4299043534.6,test_olive_x94_y16.log
OLIVE (Non-uniform Quantization),gpt2-xl,94,16,3510287.0,0.342912,0.488668,0.467155,0.342912,,1009.24,970.57,1979.81,6949712680.28,test_olive_x94_y16.log
OLIVE (Non-uniform Quantization),microsoft/phi-2,94,16,110252351.0,0.342912,0.488668,0.467155,0.342912,,32584.07,27495.74,60079.8,6623939336531.39,test_olive_x94_y16.log
OLIVE (Non-uniform Quantization),facebook/opt-2.7b,94,16,110153796.0,0.342912,0.488668,0.467155,0.342912,,32555.05,27471.33,60026.38,6612133745704.57,test_olive_x94_y16.log
OLIVE (Non-uniform Quantization),meta-llama/Llama-2-7b-hf,94,16,274954917.0,0.342912,0.488668,0.467155,0.342912,,81291.89,67860.51,149152.4,41010185979527.38,test_olive_x94_y16.log
MixPosit (Bit-Serial + Mixed-Precision),gpt2-large,60,16,1480797.0,0.26688,0.51017,0.524382,0.26688,,427.64,313.51,741.16,1097503587.55,test_flexposit_x60_y16.log
MixPosit (Bit-Serial + Mixed-Precision),gpt2-xl,60,16,1896395.0,0.26688,0.51017,0.524382,0.26688,,551.98,402.62,954.59,1810286363.78,test_flexposit_x60_y16.log
MixPosit (Bit-Serial + Mixed-Precision),microsoft/phi-2,60,16,60744782.0,0.26688,0.51017,0.524382,0.26688,,17906.17,12717.8,30623.97,1860246138232.54,test_flexposit_x60_y16.log
MixPosit (Bit-Serial + Mixed-Precision),facebook/opt-2.7b,60,16,66226156.0,0.26688,0.51017,0.524382,0.26688,,19549.9,13781.98,33331.88,2207442412281.08,test_flexposit_x60_y16.log
MixPosit (Bit-Serial + Mixed-Precision),meta-llama/Llama-2-7b-hf,60,16,172147670.0,0.26688,0.51017,0.524382,0.26688,,50899.24,35766.81,86666.05,14919359242220.66,test_flexposit_x60_y16.log
BitMod (Bit-Serial),gpt2-large,92,16,1424247.0,1.340992,0.486951,0.524382,1.340992,,417.58,526.06,943.64,1343970426.38,test_bitmod_x92_y16.log
BitMod (Bit-Serial),gpt2-xl,92,16,1847650.0,1.340992,0.486951,0.524382,1.340992,,539.8,683.32,1223.12,2259904457.23,test_bitmod_x92_y16.log
BitMod (Bit-Serial),microsoft/phi-2,92,16,55290440.0,1.340992,0.486951,0.524382,1.340992,,16322.37,19142.72,35465.09,1960880658965.41,test_bitmod_x92_y16.log
BitMod (Bit-Serial),facebook/opt-2.7b,92,16,55241069.0,1.340992,0.486951,0.524382,1.340992,,16307.85,19125.89,35433.74,1957397463806.42,test_bitmod_x92_y16.log
BitMod (Bit-Serial),meta-llama/Llama-2-7b-hf,92,16,137830050.0,1.340992,0.486951,0.524382,1.340992,,40756.81,47716.74,88473.55,12194313707102.1,test_bitmod_x92_y16.log
MixPosit (Bit-Serial + Mixed-Precision),gpt2-large,100,16,1480797.0,0.4448,0.581567,0.524382,0.4448,,427.64,321.79,749.43,1109757763.1,test_flexposit_x100_y16.log
MixPosit (Bit-Serial + Mixed-Precision),gpt2-xl,100,16,1896395.0,0.4448,0.581567,0.524382,0.4448,,551.98,419.25,971.22,1841822923.73,test_flexposit_x100_y16.log
MixPosit (Bit-Serial + Mixed-Precision),microsoft/phi-2,100,16,60744782.0,0.4448,0.581567,0.524382,0.4448,,17906.17,12475.28,30381.45,1845514781778.33,test_flexposit_x100_y16.log
MixPosit (Bit-Serial + Mixed-Precision),facebook/opt-2.7b,100,16,66226156.0,0.4448,0.581567,0.524382,0.4448,,19549.9,13538.53,33088.43,2191319442838.08,test_flexposit_x100_y16.log
MixPosit (Bit-Serial + Mixed-Precision),meta-llama/Llama-2-7b-hf,100,16,172147670.0,0.4448,0.581567,0.524382,0.4448,,50899.24,34820.98,85720.23,14756537220562.23,test_flexposit_x100_y16.log
MixPosit (Bit-Serial + Mixed-Precision),gpt2-large,42,16,1676951.9999999998,0.186816,0.479162,0.524382,0.186816,,427.64,311.47,739.11,1239453878.34,test_flexposit_x42_y16.log
MixPosit (Bit-Serial + Mixed-Precision),gpt2-xl,42,16,2142791.9999999995,0.186816,0.479162,0.524382,0.186816,,551.98,397.23,949.21,2033955424.56,test_flexposit_x42_y16.log
MixPosit (Bit-Serial + Mixed-Precision),microsoft/phi-2,42,16,69626208.0,0.186816,0.479162,0.524382,0.186816,,17906.17,12860.26,30766.43,2142149839857.93,test_flexposit_x42_y16.log
MixPosit (Bit-Serial + Mixed-Precision),facebook/opt-2.7b,42,16,75864416.0,0.186816,0.479162,0.524382,0.186816,,19549.9,13912.72,33462.62,2538622276490.63,test_flexposit_x42_y16.log
MixPosit (Bit-Serial + Mixed-Precision),meta-llama/Llama-2-7b-hf,42,16,197833440.0,0.186816,0.479162,0.524382,0.186816,,50899.24,36158.22,87057.47,17222877827242.84,test_flexposit_x42_y16.log
MixPosit (Bit-Serial + Mixed-Precision),gpt2-large,54,16,1480797.0,0.240192,0.504615,0.524382,0.240192,,427.64,311.36,739.01,1094319528.34,test_flexposit_x54_y16.log
MixPosit (Bit-Serial + Mixed-Precision),gpt2-xl,54,16,1896395.0,0.240192,0.504615,0.524382,0.240192,,551.98,399.0,950.97,1803422779.26,test_flexposit_x54_y16.log
MixPosit (Bit-Serial + Mixed-Precision),microsoft/phi-2,54,16,60744782.0,0.240192,0.504615,0.524382,0.240192,,17906.17,12753.91,30660.08,1862439813843.22,test_flexposit_x54_y16.log
MixPosit (Bit-Serial + Mixed-Precision),facebook/opt-2.7b,54,16,66226156.0,0.240192,0.504615,0.524382,0.240192,,19549.9,13811.7,33361.6,2209410511538.14,test_flexposit_x54_y16.log
MixPosit (Bit-Serial + Mixed-Precision),meta-llama/Llama-2-7b-hf,54,16,172147670.0,0.240192,0.504615,0.524382,0.240192,,50899.24,35542.89,86442.14,14880812270404.36,test_flexposit_x54_y16.log
MixPosit (Bit-Serial + Mixed-Precision),gpt2-large,108,16,1480797.0,0.480384,0.602165,0.524382,0.480384,,427.64,324.69,752.33,1114053474.67,test_flexposit_x108_y16.log
MixPosit (Bit-Serial + Mixed-Precision),gpt2-xl,108,16,1896395.0,0.480384,0.602165,0.524382,0.480384,,551.98,424.14,976.12,1851111945.92,test_flexposit_x108_y16.log
MixPosit (Bit-Serial + Mixed-Precision),microsoft/phi-2,108,16,60744782.0,0.480384,0.602165,0.524382,0.480384,,17906.17,12421.8,30327.98,1842266255373.36,test_flexposit_x108_y16.log
MixPosit (Bit-Serial + Mixed-Precision),facebook/opt-2.7b,108,16,66226156.0,0.480384,0.602165,0.524382,0.480384,,19549.9,13481.09,33030.99,2187515612002.06,test_flexposit_x108_y16.log
MixPosit (Bit-Serial + Mixed-Precision),meta-llama/Llama-2-7b-hf,108,16,172147670.0,0.480384,0.602165,0.524382,0.480384,,50899.24,34682.14,85581.38,14732635096882.67,test_flexposit_x108_y16.log
BitMod (Bit-Serial),gpt2-large,14,16,2381156.0,0.204064,0.512417,0.524382,0.204064,,417.58,532.49,950.07,2262267924.92,test_bitmod_x14_y16.log
BitMod (Bit-Serial),gpt2-xl,14,16,3044512.0,0.204064,0.512417,0.524382,0.204064,,539.8,670.58,1210.39,3685038225.26,test_bitmod_x14_y16.log
BitMod (Bit-Serial),microsoft/phi-2,14,16,94859104.0,0.204064,0.512417,0.524382,0.204064,,16322.37,21428.22,37750.59,3580987488111.64,test_bitmod_x14_y16.log
BitMod (Bit-Serial),facebook/opt-2.7b,14,16,94773344.0,0.204064,0.512417,0.524382,0.204064,,16307.85,21408.83,37716.68,3574536019945.46,test_bitmod_x14_y16.log
BitMod (Bit-Serial),meta-llama/Llama-2-7b-hf,14,16,236624608.0,0.204064,0.512417,0.524382,0.204064,,40756.81,53472.22,94229.03,22296906559440.48,test_bitmod_x14_y16.log
OLIVE (Non-uniform Quantization),gpt2-large,24,16,2782976.0,0.087552,0.500401,0.467155,0.087552,,800.72,764.1,1564.82,4354844802.34,test_olive_x24_y16.log
OLIVE (Non-uniform Quantization),gpt2-xl,24,16,3530176.0,0.087552,0.500401,0.467155,0.087552,,1009.24,969.19,1978.43,6984219584.24,test_olive_x24_y16.log
OLIVE (Non-uniform Quantization),microsoft/phi-2,24,16,110746624.0,0.087552,0.500401,0.467155,0.087552,,32584.07,30424.2,63008.27,6977952957887.55,test_olive_x24_y16.log
OLIVE (Non-uniform Quantization),facebook/opt-2.7b,24,16,110646784.0,0.087552,0.500401,0.467155,0.087552,,32555.05,30396.78,62951.84,6965418334644.19,test_olive_x24_y16.log
OLIVE (Non-uniform Quantization),meta-llama/Llama-2-7b-hf,24,16,275955712.0,0.087552,0.500401,0.467155,0.087552,,81291.89,75812.75,157104.64,43353923339298.38,test_olive_x24_y16.log
OLIVE (Non-uniform Quantization),gpt2-large,90,16,2777338.0,0.32832,0.485433,0.467155,0.32832,,800.72,745.31,1546.03,4293842603.22,test_olive_x90_y16.log
OLIVE (Non-uniform Quantization),gpt2-xl,90,16,3510287.0,0.32832,0.485433,0.467155,0.32832,,1009.24,966.77,1976.01,6936365531.01,test_olive_x90_y16.log
OLIVE (Non-uniform Quantization),microsoft/phi-2,90,16,110252351.0,0.32832,0.485433,0.467155,0.32832,,32584.07,27428.05,60012.12,6616477013537.21,test_olive_x90_y16.log
OLIVE (Non-uniform Quantization),facebook/opt-2.7b,90,16,110153796.0,0.32832,0.485433,0.467155,0.32832,,32555.05,27404.58,59959.64,6604781745446.31,test_olive_x90_y16.log
OLIVE (Non-uniform Quantization),meta-llama/Llama-2-7b-hf,90,16,274954917.0,0.32832,0.485433,0.467155,0.32832,,81291.89,67999.2,149291.09,41048319124495.67,test_olive_x90_y16.log
Baseline (FP16),gpt2-large,102,16,5456734.0,1.537344,0.587045,0.485785,1.537344,,1604.79,963.52,2568.31,14014584252.53,test_baseline_x102_y16.log
Baseline (FP16),gpt2-xl,102,16,6865291.0,1.537344,0.587045,0.485785,1.537344,,2023.31,1254.34,3277.66,22502080603.38,test_baseline_x102_y16.log
Baseline (FP16),microsoft/phi-2,102,16,220404076.0,1.537344,0.587045,0.485785,1.537344,,65179.13,35383.16,100562.29,22164339109573.81,test_baseline_x102_y16.log
Baseline (FP16),facebook/opt-2.7b,102,16,220206503.0,1.537344,0.587045,0.485785,1.537344,,65120.7,35352.64,100473.35,22124884017549.75,test_baseline_x102_y16.log
Baseline (FP16),meta-llama/Llama-2-7b-hf,102,16,549799110.0,1.537344,0.587045,0.485785,1.537344,,162619.32,87042.45,249661.77,137263817117149.23,test_baseline_x102_y16.log
BitMod (Bit-Serial),gpt2-large,70,16,1424247.0,1.02032,0.53455,0.524382,1.02032,,417.58,512.88,930.46,1325203796.12,test_bitmod_x70_y16.log
BitMod (Bit-Serial),gpt2-xl,70,16,1847650.0,1.02032,0.53455,0.524382,1.02032,,539.8,660.93,1200.73,2218536389.25,test_bitmod_x70_y16.log
BitMod (Bit-Serial),microsoft/phi-2,70,16,55290440.0,1.02032,0.53455,0.524382,1.02032,,16322.37,19284.81,35607.19,1968737101790.94,test_bitmod_x70_y16.log
BitMod (Bit-Serial),facebook/opt-2.7b,70,16,55241069.0,1.02032,0.53455,0.524382,1.02032,,16307.85,19268.06,35575.91,1965251263915.46,test_bitmod_x70_y16.log
BitMod (Bit-Serial),meta-llama/Llama-2-7b-hf,70,16,137830050.0,1.02032,0.53455,0.524382,1.02032,,40756.81,47932.47,88689.28,12224047618404.12,test_bitmod_x70_y16.log
MixPosit (Bit-Serial + Mixed-Precision),gpt2-large,6,16,11122873.599999985,0.026688,0.472874,0.524382,0.026688,,427.64,423.53,851.18,9467552523.95,test_flexposit_x6_y16.log
MixPosit (Bit-Serial + Mixed-Precision),gpt2-xl,6,16,13958695.999999998,0.026688,0.472874,0.524382,0.026688,,551.98,532.25,1084.23,15134374897.37,test_flexposit_x6_y16.log
MixPosit (Bit-Serial + Mixed-Precision),microsoft/phi-2,6,16,485937107.20000076,0.026688,0.472874,0.524382,0.026688,,17906.17,18061.78,35967.95,17478163162441.52,test_flexposit_x6_y16.log
MixPosit (Bit-Serial + Mixed-Precision),facebook/opt-2.7b,6,16,529618182.3999996,0.026688,0.472874,0.524382,0.026688,,19549.9,19170.04,38719.94,20506784824964.62,test_flexposit_x6_y16.log
MixPosit (Bit-Serial + Mixed-Precision),meta-llama/Llama-2-7b-hf,6,16,1377364288.0,0.026688,0.472874,0.524382,0.026688,,50899.24,49262.77,100162.01,137959581415307.14,test_flexposit_x6_y16.log
OLIVE (Non-uniform Quantization),gpt2-large,110,16,2777338.0,0.40128,0.506099,0.467155,0.40128,,800.72,757.66,1558.37,4328133751.88,test_olive_x110_y16.log
OLIVE (Non-uniform Quantization),gpt2-xl,110,16,3510287.0,0.40128,0.506099,0.467155,0.40128,,1009.24,989.55,1998.78,7016307766.27,test_olive_x110_y16.log
OLIVE (Non-uniform Quantization),microsoft/phi-2,110,16,110252351.0,0.40128,0.506099,0.467155,0.40128,,32584.07,27460.53,60044.6,6620058358270.69,test_olive_x110_y16.log
OLIVE (Non-uniform Quantization),facebook/opt-2.7b,110,16,110153796.0,0.40128,0.506099,0.467155,0.40128,,32555.05,27437.79,59992.84,6608439101081.08,test_olive_x110_y16.log
OLIVE (Non-uniform Quantization),meta-llama/Llama-2-7b-hf,110,16,274954917.0,0.40128,0.506099,0.467155,0.40128,,81291.89,67855.48,149147.37,41008801707269.64,test_olive_x110_y16.log
OLIVE (Non-uniform Quantization),gpt2-large,84,16,2777338.0,0.306432,0.479162,0.467155,0.306432,,800.72,742.27,1542.99,4285396605.91,test_olive_x84_y16.log
OLIVE (Non-uniform Quantization),gpt2-xl,84,16,3510287.0,0.306432,0.479162,0.467155,0.306432,,1009.24,960.77,1970.01,6915305734.43,test_olive_x84_y16.log
OLIVE (Non-uniform Quantization),microsoft/phi-2,84,16,110252351.0,0.306432,0.479162,0.467155,0.306432,,32584.07,27477.75,60061.81,6621956049904.9,test_olive_x84_y16.log
OLIVE (Non-uniform Quantization),facebook/opt-2.7b,84,16,110153796.0,0.306432,0.479162,0.467155,0.306432,,32555.05,27453.58,60008.64,6610179181283.12,test_olive_x84_y16.log
OLIVE (Non-uniform Quantization),meta-llama/Llama-2-7b-hf,84,16,274954917.0,0.306432,0.479162,0.467155,0.306432,,81291.89,68088.02,149379.91,41072740635985.71,test_olive_x84_y16.log
BitMod (Bit-Serial),gpt2-large,96,16,1424247.0,1.399296,0.490169,0.524382,1.399296,,417.58,528.07,945.65,1346834129.39,test_bitmod_x96_y16.log
BitMod (Bit-Serial),gpt2-xl,96,16,1847650.0,1.399296,0.490169,0.524382,1.399296,,539.8,686.9,1226.7,2266520295.44,test_bitmod_x96_y16.log
BitMod (Bit-Serial),microsoft/phi-2,96,16,55290440.0,1.399296,0.490169,0.524382,1.399296,,16322.37,19178.73,35501.11,1962871888148.43,test_bitmod_x96_y16.log
BitMod (Bit-Serial),facebook/opt-2.7b,96,16,55241069.0,1.399296,0.490169,0.524382,1.399296,,16307.85,19161.21,35469.06,1959348758403.14,test_bitmod_x96_y16.log
BitMod (Bit-Serial),meta-llama/Llama-2-7b-hf,96,16,137830050.0,1.399296,0.490169,0.524382,1.399296,,40756.81,47593.19,88350.0,12177284242697.39,test_bitmod_x96_y16.log
OLIVE (Non-uniform Quantization),gpt2-large,32,16,2777338.0,0.116736,0.485785,0.467155,0.116736,,800.72,743.03,1543.74,4287495729.43,test_olive_x32_y16.log
OLIVE (Non-uniform Quantization),gpt2-xl,32,16,3510287.0,0.116736,0.485785,0.467155,0.116736,,1009.24,942.55,1951.79,6851328478.37,test_olive_x32_y16.log
OLIVE (Non-uniform Quantization),microsoft/phi-2,32,16,110252351.0,0.116736,0.485785,0.467155,0.116736,,32584.07,29198.41,61782.48,6811663616995.08,test_olive_x32_y16.log
OLIVE (Non-uniform Quantization),facebook/opt-2.7b,32,16,110153796.0,0.116736,0.485785,0.467155,0.116736,,32555.05,29172.27,61727.32,6799498958627.53,test_olive_x32_y16.log
OLIVE (Non-uniform Quantization),meta-llama/Llama-2-7b-hf,32,16,274954917.0,0.116736,0.485785,0.467155,0.116736,,81291.89,72806.74,154098.63,42370177136980.76,test_olive_x32_y16.log
BitMod (Bit-Serial),gpt2-large,28,16,1424247.0,0.408128,0.48294,0.524382,0.408128,,417.58,506.26,923.84,1315781622.24,test_bitmod_x28_y16.log
BitMod (Bit-Serial),gpt2-xl,28,16,1847650.0,0.408128,0.48294,0.524382,0.408128,,539.8,641.47,1181.27,2182572923.6,test_bitmod_x28_y16.log
BitMod (Bit-Serial),microsoft/phi-2,28,16,55290440.0,0.408128,0.48294,0.524382,0.408128,,16322.37,20071.91,36394.28,2012255898335.18,test_bitmod_x28_y16.log
BitMod (Bit-Serial),facebook/opt-2.7b,28,16,55241069.0,0.408128,0.48294,0.524382,0.408128,,16307.85,20054.08,36361.93,2008671904438.26,test_bitmod_x28_y16.log
BitMod (Bit-Serial),meta-llama/Llama-2-7b-hf,28,16,137830050.0,0.408128,0.48294,0.524382,0.408128,,40756.81,50021.06,90777.87,12511918038918.05,test_bitmod_x28_y16.log
OLIVE (Non-uniform Quantization),gpt2-large,118,16,2777338.0,0.430464,0.508978,0.467155,0.430464,,800.72,766.19,1566.91,4351834297.35,test_olive_x118_y16.log
OLIVE (Non-uniform Quantization),gpt2-xl,118,16,3510287.0,0.430464,0.508978,0.467155,0.430464,,1009.24,1003.02,2012.26,7063602490.47,test_olive_x118_y16.log
OLIVE (Non-uniform Quantization),microsoft/phi-2,118,16,110252351.0,0.430464,0.508978,0.467155,0.430464,,32584.07,27184.59,59768.66,6589634774172.36,test_olive_x118_y16.log
OLIVE (Non-uniform Quantization),facebook/opt-2.7b,118,16,110153796.0,0.430464,0.508978,0.467155,0.430464,,32555.05,27163.12,59718.18,6578183871775.68,test_olive_x118_y16.log
OLIVE (Non-uniform Quantization),meta-llama/Llama-2-7b-hf,118,16,274954917.0,0.430464,0.508978,0.467155,0.430464,,81291.89,67537.0,148828.89,40921236366789.41,test_olive_x118_y16.log
MixPosit (Bit-Serial + Mixed-Precision),gpt2-large,24,16,2855127.9999999995,0.106752,0.520647,0.524382,0.106752,,427.64,317.25,744.89,2126765561.74,test_flexposit_x24_y16.log
MixPosit (Bit-Serial + Mixed-Precision),gpt2-xl,24,16,3618430.3999999906,0.106752,0.520647,0.524382,0.106752,,551.98,402.92,954.9,3455223888.62,test_flexposit_x24_y16.log
MixPosit (Bit-Serial + Mixed-Precision),microsoft/phi-2,24,16,121851744.0,0.106752,0.520647,0.524382,0.106752,,17906.17,13413.66,31319.83,3816376354999.3,test_flexposit_x24_y16.log
MixPosit (Bit-Serial + Mixed-Precision),facebook/opt-2.7b,24,16,132788576.0,0.106752,0.520647,0.524382,0.106752,,19549.9,14471.16,34021.06,4517607697269.25,test_flexposit_x24_y16.log
MixPosit (Bit-Serial + Mixed-Precision),meta-llama/Llama-2-7b-hf,24,16,344972000.0,0.106752,0.520647,0.524382,0.106752,,50899.24,37424.48,88323.72,30469209728345.5,test_flexposit_x24_y16.log
MixPosit (Bit-Serial + Mixed-Precision),gpt2-large,10,16,6707468.799999992,0.04448,0.475385,0.524382,0.04448,,427.64,363.8,791.45,5308606764.48,test_flexposit_x10_y16.log
MixPosit (Bit-Serial + Mixed-Precision),gpt2-xl,10,16,8437865.599999996,0.04448,0.475385,0.524382,0.04448,,551.98,458.3,1010.28,8524608451.66,test_flexposit_x10_y16.log
MixPosit (Bit-Serial + Mixed-Precision),microsoft/phi-2,10,16,291485548.79999924,0.04448,0.475385,0.524382,0.04448,,17906.17,15530.09,33436.26,9746186145735.14,test_flexposit_x10_y16.log
MixPosit (Bit-Serial + Mixed-Precision),facebook/opt-2.7b,10,16,317682745.6000004,0.04448,0.475385,0.524382,0.04448,,19549.9,16609.36,36159.26,11487172186497.13,test_flexposit_x10_y16.log
MixPosit (Bit-Serial + Mixed-Precision),meta-llama/Llama-2-7b-hf,10,16,826779968.0,0.04448,0.475385,0.524382,0.04448,,50899.24,42858.97,93758.22,77517415328997.67,test_flexposit_x10_y16.log
MixPosit (Bit-Serial + Mixed-Precision),gpt2-large,76,16,1480797.0,0.338048,0.531789,0.524382,0.338048,,427.64,315.3,742.94,1100149572.35,test_flexposit_x76_y16.log
MixPosit (Bit-Serial + Mixed-Precision),gpt2-xl,76,16,1896395.0,0.338048,0.531789,0.524382,0.338048,,551.98,407.35,959.32,1819255380.89,test_flexposit_x76_y16.log
MixPosit (Bit-Serial + Mixed-Precision),microsoft/phi-2,76,16,60744782.0,0.338048,0.531789,0.524382,0.338048,,17906.17,12534.76,30440.93,1849127601257.32,test_flexposit_x76_y16.log
MixPosit (Bit-Serial + Mixed-Precision),facebook/opt-2.7b,76,16,66226156.0,0.338048,0.531789,0.524382,0.338048,,19549.9,13594.87,33144.77,2195050761633.37,test_flexposit_x76_y16.log
MixPosit (Bit-Serial + Mixed-Precision),meta-llama/Llama-2-7b-hf,76,16,172147670.0,0.338048,0.531789,0.524382,0.338048,,50899.24,35061.48,85960.72,14797937571637.64,test_flexposit_x76_y16.log
Baseline (FP16),gpt2-large,8,16,8162048.0,0.120576,0.467155,0.485785,0.120576,,1604.79,1203.09,2807.89,22918099983.87,test_baseline_x8_y16.log
Baseline (FP16),gpt2-xl,8,16,10255552.0,0.120576,0.467155,0.485785,0.120576,,2023.31,1512.0,3535.32,36256645854.22,test_baseline_x8_y16.log
Baseline (FP16),microsoft/phi-2,8,16,331197088.0,0.120576,0.467155,0.485785,0.120576,,65179.13,48815.76,113994.89,37754776325657.34,test_baseline_x8_y16.log
Baseline (FP16),facebook/opt-2.7b,8,16,330900128.0,0.120576,0.467155,0.485785,0.120576,,65120.7,48771.98,113892.69,37687105096529.17,test_baseline_x8_y16.log
Baseline (FP16),meta-llama/Llama-2-7b-hf,8,16,826267968.0,0.120576,0.467155,0.485785,0.120576,,162619.32,121785.97,284405.29,234994983789364.44,test_baseline_x8_y16.log
Baseline (FP16),gpt2-large,108,16,5456734.0,1.627776,0.602165,0.485785,1.627776,,1604.79,970.04,2574.83,14050160005.36,test_baseline_x108_y16.log
Baseline (FP16),gpt2-xl,108,16,6865291.0,1.627776,0.602165,0.485785,1.627776,,2023.31,1265.31,3288.63,22577370926.71,test_baseline_x108_y16.log
Baseline (FP16),microsoft/phi-2,108,16,220404076.0,1.627776,0.602165,0.485785,1.627776,,65179.13,34814.04,99993.17,22038902446841.39,test_baseline_x108_y16.log
Baseline (FP16),facebook/opt-2.7b,108,16,220206503.0,1.627776,0.602165,0.485785,1.627776,,65120.7,34781.88,99902.58,21999197935425.89,test_baseline_x108_y16.log
Baseline (FP16),meta-llama/Llama-2-7b-hf,108,16,549799110.0,1.627776,0.602165,0.485785,1.627776,,162619.32,86077.38,248696.7,136733226310111.05,test_baseline_x108_y16.log
MixPosit (Bit-Serial + Mixed-Precision),gpt2-large,32,16,2167640.0,0.142336,0.524382,0.524382,0.142336,,427.64,312.4,740.04,1604147079.04,test_flexposit_x32_y16.log
MixPosit (Bit-Serial + Mixed-Precision),gpt2-xl,32,16,2756152.0,0.142336,0.524382,0.524382,0.142336,,551.98,396.78,948.76,2614924188.74,test_flexposit_x32_y16.log
MixPosit (Bit-Serial + Mixed-Precision),microsoft/phi-2,32,16,91241824.00000001,0.142336,0.524382,0.524382,0.142336,,17906.17,13058.26,30964.43,2825251049331.44,test_flexposit_x32_y16.log
MixPosit (Bit-Serial + Mixed-Precision),facebook/opt-2.7b,32,16,99426656.0,0.142336,0.524382,0.524382,0.142336,,19549.9,14114.46,33664.36,3347135231410.59,test_flexposit_x32_y16.log
MixPosit (Bit-Serial + Mixed-Precision),meta-llama/Llama-2-7b-hf,32,16,258464480.0,0.142336,0.524382,0.524382,0.142336,,50899.24,36557.03,87456.27,22604339593620.86,test_flexposit_x32_y16.log
Baseline (FP16),gpt2-large,4,16,16221440.0,0.060288,0.502745,0.485785,0.060288,,1604.79,1547.62,3152.42,51136720929.83,test_baseline_x4_y16.log
Baseline (FP16),gpt2-xl,4,16,20343616.0,0.060288,0.502745,0.485785,0.060288,,2023.31,1941.26,3964.58,80653850005.4,test_baseline_x4_y16.log
Baseline (FP16),microsoft/phi-2,4,16,662186656.0,0.060288,0.502745,0.485785,0.060288,,65179.13,63166.77,128345.9,84988943229559.95,test_baseline_x4_y16.log
Baseline (FP16),facebook/opt-2.7b,4,16,661592736.0,0.060288,0.502745,0.485785,0.060288,,65120.7,63110.11,128230.81,84836575377686.89,test_baseline_x4_y16.log
Baseline (FP16),meta-llama/Llama-2-7b-hf,4,16,1652185408.0,0.060288,0.502745,0.485785,0.060288,,162619.32,157603.37,320222.68,529067246108529.6,test_baseline_x4_y16.log
MixPosit (Bit-Serial + Mixed-Precision),gpt2-large,50,16,1480797.0,0.2224,0.494503,0.524382,0.2224,,427.64,311.12,738.77,1093966836.76,test_flexposit_x50_y16.log
MixPosit (Bit-Serial + Mixed-Precision),gpt2-xl,50,16,1896395.0,0.2224,0.494503,0.524382,0.2224,,551.98,398.06,950.04,1801653718.03,test_flexposit_x50_y16.log
MixPosit (Bit-Serial + Mixed-Precision),microsoft/phi-2,50,16,60744782.0,0.2224,0.494503,0.524382,0.2224,,17906.17,12823.61,30729.78,1866673777176.96,test_flexposit_x50_y16.log
MixPosit (Bit-Serial + Mixed-Precision),facebook/opt-2.7b,50,16,66226156.0,0.2224,0.494503,0.524382,0.2224,,19549.9,13884.33,33434.24,2214220936435.58,test_flexposit_x50_y16.log
MixPosit (Bit-Serial + Mixed-Precision),meta-llama/Llama-2-7b-hf,50,16,172147670.0,0.2224,0.494503,0.524382,0.2224,,50899.24,35698.94,86598.18,14907675518112.82,test_flexposit_x50_y16.log
MixPosit (Bit-Serial + Mixed-Precision),gpt2-large,104,16,1480797.0,0.462592,0.592286,0.524382,0.462592,,427.64,323.35,750.99,1112066486.58,test_flexposit_x104_y16.log
MixPosit (Bit-Serial + Mixed-Precision),gpt2-xl,104,16,1896395.0,0.462592,0.592286,0.524382,0.462592,,551.98,421.83,973.81,1846725002.33,test_flexposit_x104_y16.log
MixPosit (Bit-Serial + Mixed-Precision),microsoft/phi-2,104,16,60744782.0,0.462592,0.592286,0.524382,0.462592,,17906.17,12465.87,30372.04,1844943048085.9,test_flexposit_x104_y16.log
MixPosit (Bit-Serial + Mixed-Precision),facebook/opt-2.7b,104,16,66226156.0,0.462592,0.592286,0.524382,0.462592,,19549.9,13528.66,33078.56,2190665677625.64,test_flexposit_x104_y16.log
MixPosit (Bit-Serial + Mixed-Precision),meta-llama/Llama-2-7b-hf,104,16,172147670.0,0.462592,0.592286,0.524382,0.462592,,50899.24,34960.47,85859.71,14780549185334.9,test_flexposit_x104_y16.log
BitMod (Bit-Serial),gpt2-large,84,16,1424247.0,1.224384,0.479162,0.524382,1.224384,,417.58,521.68,939.26,1337741585.89,test_bitmod_x84_y16.log
BitMod (Bit-Serial),gpt2-xl,84,16,1847650.0,1.224384,0.479162,0.524382,1.224384,,539.8,675.72,1215.52,2245856566.28,test_bitmod_x84_y16.log
BitMod (Bit-Serial),microsoft/phi-2,84,16,55290440.0,1.224384,0.479162,0.524382,1.224384,,16322.37,19279.87,35602.24,1968463613815.19,test_bitmod_x84_y16.log
BitMod (Bit-Serial),facebook/opt-2.7b,84,16,55241069.0,1.224384,0.479162,0.524382,1.224384,,16307.85,19262.92,35570.77,1964967217974.9,test_bitmod_x84_y16.log
BitMod (Bit-Serial),meta-llama/Llama-2-7b-hf,84,16,137830050.0,1.224384,0.479162,0.524382,1.224384,,40756.81,47769.29,88526.1,12201556103919.31,test_bitmod_x84_y16.log
BitMod (Bit-Serial),gpt2-large,82,16,1424247.0,1.195232,0.554974,0.524382,1.195232,,417.58,518.86,936.44,1333717056.31,test_bitmod_x82_y16.log
BitMod (Bit-Serial),gpt2-xl,82,16,1847650.0,1.195232,0.554974,0.524382,1.195232,,539.8,671.6,1211.41,2238258847.36,test_bitmod_x82_y16.log
BitMod (Bit-Serial),microsoft/phi-2,82,16,55290440.0,1.195232,0.554974,0.524382,1.195232,,16322.37,19333.39,35655.76,1971422881951.56,test_bitmod_x82_y16.log
BitMod (Bit-Serial),facebook/opt-2.7b,82,16,55241069.0,1.195232,0.554974,0.524382,1.195232,,16307.85,19316.86,35624.71,1967947282415.87,test_bitmod_x82_y16.log
BitMod (Bit-Serial),meta-llama/Llama-2-7b-hf,82,16,137830050.0,1.195232,0.554974,0.524382,1.195232,,40756.81,47545.86,88302.66,12170760645083.97,test_bitmod_x82_y16.log
MixPosit (Bit-Serial + Mixed-Precision),gpt2-large,94,16,1480797.0,0.418112,0.568872,0.524382,0.418112,,427.64,319.89,747.54,1106951794.69,test_flexposit_x94_y16.log
MixPosit (Bit-Serial + Mixed-Precision),gpt2-xl,94,16,1896395.0,0.418112,0.568872,0.524382,0.418112,,551.98,415.93,967.91,1835530976.32,test_flexposit_x94_y16.log
MixPosit (Bit-Serial + Mixed-Precision),microsoft/phi-2,94,16,60744782.0,0.418112,0.568872,0.524382,0.418112,,17906.17,12570.88,30477.05,1851321665982.3,test_flexposit_x94_y16.log
MixPosit (Bit-Serial + Mixed-Precision),facebook/opt-2.7b,94,16,66226156.0,0.418112,0.568872,0.524382,0.418112,,19549.9,13640.27,33190.17,2198057467365.42,test_flexposit_x94_y16.log
MixPosit (Bit-Serial + Mixed-Precision),meta-llama/Llama-2-7b-hf,94,16,172147670.0,0.418112,0.568872,0.524382,0.418112,,50899.24,35029.58,85928.83,14792447051180.81,test_flexposit_x94_y16.log
BitMod (Bit-Serial),gpt2-large,100,16,1424247.0,1.4576,0.494503,0.524382,1.4576,,417.58,530.39,947.97,1350145754.49,test_bitmod_x100_y16.log
BitMod (Bit-Serial),gpt2-xl,100,16,1847650.0,1.4576,0.494503,0.524382,1.4576,,539.8,690.88,1230.68,2273867331.12,test_bitmod_x100_y16.log
BitMod (Bit-Serial),microsoft/phi-2,100,16,55290440.0,1.4576,0.494503,0.524382,1.4576,,16322.37,19217.73,35540.1,1965027843894.18,test_bitmod_x100_y16.log
BitMod (Bit-Serial),facebook/opt-2.7b,100,16,55241069.0,1.4576,0.494503,0.524382,1.4576,,16307.85,19201.28,35509.14,1961562582234.95,test_bitmod_x100_y16.log
BitMod (Bit-Serial),meta-llama/Llama-2-7b-hf,100,16,137830050.0,1.4576,0.494503,0.524382,1.4576,,40756.81,47495.41,88252.22,12163807979146.55,test_bitmod_x100_y16.log
MixPosit (Bit-Serial + Mixed-Precision),gpt2-large,98,16,1480797.0,0.435904,0.578493,0.524382,0.435904,,427.64,321.07,748.72,1108701467.68,test_flexposit_x98_y16.log
MixPosit (Bit-Serial + Mixed-Precision),gpt2-xl,98,16,1896395.0,0.435904,0.578493,0.524382,0.435904,,551.98,418.04,970.02,1839534594.95,test_flexposit_x98_y16.log
MixPosit (Bit-Serial + Mixed-Precision),microsoft/phi-2,98,16,60744782.0,0.435904,0.578493,0.524382,0.435904,,17906.17,12614.9,30521.07,1853995735099.47,test_flexposit_x98_y16.log
MixPosit (Bit-Serial + Mixed-Precision),facebook/opt-2.7b,98,16,66226156.0,0.435904,0.578493,0.524382,0.435904,,19549.9,13688.58,33238.48,2201256958362.47,test_flexposit_x98_y16.log
MixPosit (Bit-Serial + Mixed-Precision),meta-llama/Llama-2-7b-hf,98,16,172147670.0,0.435904,0.578493,0.524382,0.435904,,50899.24,34882.1,85781.34,14767057672268.3,test_flexposit_x98_y16.log
MixPosit (Bit-Serial + Mixed-Precision),gpt2-large,72,16,1480797.0,0.320256,0.525264,0.524382,0.320256,,427.64,314.66,742.3,1099200218.4,test_flexposit_x72_y16.log
MixPosit (Bit-Serial + Mixed-Precision),gpt2-xl,72,16,1896395.0,0.320256,0.525264,0.524382,0.320256,,551.98,405.92,957.89,1816545802.71,test_flexposit_x72_y16.log
MixPosit (Bit-Serial + Mixed-Precision),microsoft/phi-2,72,16,60744782.0,0.320256,0.525264,0.524382,0.320256,,17906.17,12607.13,30513.3,1853523877915.83,test_flexposit_x72_y16.log
MixPosit (Bit-Serial + Mixed-Precision),facebook/opt-2.7b,72,16,66226156.0,0.320256,0.525264,0.524382,0.320256,,19549.9,13671.02,33220.92,2200093657694.3,test_flexposit_x72_y16.log
MixPosit (Bit-Serial + Mixed-Precision),meta-llama/Llama-2-7b-hf,72,16,172147670.0,0.320256,0.525264,0.524382,0.320256,,50899.24,35149.64,86048.89,14813115125779.89,test_flexposit_x72_y16.log
Baseline (FP16),gpt2-large,112,16,5456734.0,1.688064,0.601007,0.485785,1.688064,,1604.79,981.82,2586.61,14114435399.9,test_baseline_x112_y16.log
Baseline (FP16),gpt2-xl,112,16,6865291.0,1.688064,0.601007,0.485785,1.688064,,2023.31,1281.73,3305.05,22690111809.68,test_baseline_x112_y16.log
Baseline (FP16),microsoft/phi-2,112,16,220404076.0,1.688064,0.601007,0.485785,1.688064,,65179.13,35066.06,100245.2,22094450074817.58,test_baseline_x112_y16.log
Baseline (FP16),facebook/opt-2.7b,112,16,220206503.0,1.688064,0.601007,0.485785,1.688064,,65120.7,35032.49,100153.19,22054384105761.59,test_baseline_x112_y16.log
Baseline (FP16),meta-llama/Llama-2-7b-hf,112,16,549799110.0,1.688064,0.601007,0.485785,1.688064,,162619.32,87568.47,250187.79,137553022391244.64,test_baseline_x112_y16.log
Baseline (FP16),gpt2-large,110,16,5456734.0,1.65792,0.606837,0.485785,1.65792,,1604.79,971.25,2576.04,14056759333.57,test_baseline_x110_y16.log
Baseline (FP16),gpt2-xl,110,16,6865291.0,1.65792,0.606837,0.485785,1.65792,,2023.31,1267.77,3291.08,22594226115.65,test_baseline_x110_y16.log
Baseline (FP16),microsoft/phi-2,110,16,220404076.0,1.65792,0.606837,0.485785,1.65792,,65179.13,35269.7,100448.84,22139333175064.57,test_baseline_x110_y16.log
Baseline (FP16),facebook/opt-2.7b,110,16,220206503.0,1.65792,0.606837,0.485785,1.65792,,65120.7,35240.44,100361.15,22100177321684.04,test_baseline_x110_y16.log
Baseline (FP16),meta-llama/Llama-2-7b-hf,110,16,549799110.0,1.65792,0.606837,0.485785,1.65792,,162619.32,87166.57,249785.89,137332060421067.92,test_baseline_x110_y16.log
BitMod (Bit-Serial),gpt2-large,68,16,1424247.0,0.991168,0.530335,0.524382,0.991168,,417.58,512.54,930.12,1324721220.21,test_bitmod_x68_y16.log
BitMod (Bit-Serial),gpt2-xl,68,16,1847650.0,0.991168,0.530335,0.524382,0.991168,,539.8,659.97,1199.78,2216768330.19,test_bitmod_x68_y16.log
BitMod (Bit-Serial),microsoft/phi-2,68,16,55290440.0,0.991168,0.530335,0.524382,0.991168,,16322.37,19262.65,35585.03,1967511777278.59,test_bitmod_x68_y16.log
BitMod (Bit-Serial),facebook/opt-2.7b,68,16,55241069.0,0.991168,0.530335,0.524382,0.991168,,16307.85,19246.34,35554.19,1964051714217.36,test_bitmod_x68_y16.log
BitMod (Bit-Serial),meta-llama/Llama-2-7b-hf,68,16,137830050.0,0.991168,0.530335,0.524382,0.991168,,40756.81,48009.61,88766.42,12234680449702.41,test_bitmod_x68_y16.log
OLIVE (Non-uniform Quantization),gpt2-large,62,16,2777338.0,0.226176,0.524153,0.467155,0.226176,,800.72,730.4,1531.12,4252426608.7,test_olive_x62_y16.log
OLIVE (Non-uniform Quantization),gpt2-xl,62,16,3510287.0,0.226176,0.524153,0.467155,0.226176,,1009.24,937.73,1946.97,6834410505.61,test_olive_x62_y16.log
OLIVE (Non-uniform Quantization),microsoft/phi-2,62,16,110252351.0,0.226176,0.524153,0.467155,0.226176,,32584.07,27882.98,60467.05,6666634189175.19,test_olive_x62_y16.log
OLIVE (Non-uniform Quantization),facebook/opt-2.7b,62,16,110153796.0,0.226176,0.524153,0.467155,0.226176,,32555.05,27858.3,60413.36,6654760859135.63,test_olive_x62_y16.log
OLIVE (Non-uniform Quantization),meta-llama/Llama-2-7b-hf,62,16,274954917.0,0.226176,0.524153,0.467155,0.226176,,81291.89,69238.73,150530.63,41389135629019.02,test_olive_x62_y16.log
BitMod (Bit-Serial),gpt2-large,42,16,1424247.0,0.612192,0.504742,0.524382,0.612192,,417.58,502.32,919.9,1310162831.88,test_bitmod_x42_y16.log
BitMod (Bit-Serial),gpt2-xl,42,16,1847650.0,0.612192,0.504742,0.524382,0.612192,,539.8,640.26,1180.06,2180342887.39,test_bitmod_x42_y16.log
BitMod (Bit-Serial),microsoft/phi-2,42,16,55290440.0,0.612192,0.504742,0.524382,0.612192,,16322.37,19455.97,35778.35,1978200482661.64,test_bitmod_x42_y16.log
BitMod (Bit-Serial),facebook/opt-2.7b,42,16,55241069.0,0.612192,0.504742,0.524382,0.612192,,16307.85,19437.88,35745.74,1974632632584.04,test_bitmod_x42_y16.log
BitMod (Bit-Serial),meta-llama/Llama-2-7b-hf,42,16,137830050.0,0.612192,0.504742,0.524382,0.612192,,40756.81,48659.28,89416.09,12324223675640.8,test_bitmod_x42_y16.log
BitMod (Bit-Serial),gpt2-large,52,16,1424247.0,0.757952,0.530432,0.524382,0.757952,,417.58,505.01,922.59,1313998854.61,test_bitmod_x52_y16.log
BitMod (Bit-Serial),gpt2-xl,52,16,1847650.0,0.757952,0.530432,0.524382,0.757952,,539.8,646.3,1186.1,2191502860.89,test_bitmod_x52_y16.log
BitMod (Bit-Serial),microsoft/phi-2,52,16,55290440.0,0.757952,0.530432,0.524382,0.757952,,16322.37,19462.8,35785.18,1978578105620.55,test_bitmod_x52_y16.log
BitMod (Bit-Serial),facebook/opt-2.7b,52,16,55241069.0,0.757952,0.530432,0.524382,0.757952,,16307.85,19445.42,35753.27,1975048892344.44,test_bitmod_x52_y16.log
BitMod (Bit-Serial),meta-llama/Llama-2-7b-hf,52,16,137830050.0,0.757952,0.530432,0.524382,0.757952,,40756.81,48143.86,88900.67,12253183671907.81,test_bitmod_x52_y16.log
BitMod (Bit-Serial),gpt2-large,20,16,1691876.0,0.29152,0.475385,0.524382,0.29152,,417.58,513.15,930.73,1574685884.7,test_bitmod_x20_y16.log
BitMod (Bit-Serial),gpt2-xl,20,16,2182912.0,0.29152,0.475385,0.524382,0.29152,,539.8,649.77,1189.57,2596726178.12,test_bitmod_x20_y16.log
BitMod (Bit-Serial),microsoft/phi-2,20,16,66420064.0,0.29152,0.475385,0.524382,0.29152,,16322.37,20492.1,36814.48,2445219966956.84,test_bitmod_x20_y16.log
BitMod (Bit-Serial),facebook/opt-2.7b,20,16,66361184.0,0.29152,0.475385,0.524382,0.29152,,16307.85,20473.89,36781.74,2440880128030.75,test_bitmod_x20_y16.log
BitMod (Bit-Serial),meta-llama/Llama-2-7b-hf,20,16,165718752.0,0.29152,0.475385,0.524382,0.29152,,40756.81,51157.55,91914.36,15231933647981.44,test_bitmod_x20_y16.log
Baseline (FP16),gpt2-large,120,16,5456734.0,1.80864,0.613079,0.485785,1.80864,,1604.79,987.27,2592.06,14144170541.35,test_baseline_x120_y16.log
Baseline (FP16),gpt2-xl,120,16,6865291.0,1.80864,0.613079,0.485785,1.80864,,2023.31,1292.23,3315.55,22762184062.03,test_baseline_x120_y16.log
Baseline (FP16),microsoft/phi-2,120,16,220404076.0,1.80864,0.613079,0.485785,1.80864,,65179.13,35443.71,100622.85,22177685443337.09,test_baseline_x120_y16.log
Baseline (FP16),facebook/opt-2.7b,120,16,220206503.0,1.80864,0.613079,0.485785,1.80864,,65120.7,35411.79,100532.49,22137908079044.81,test_baseline_x120_y16.log
Baseline (FP16),meta-llama/Llama-2-7b-hf,120,16,549799110.0,1.80864,0.613079,0.485785,1.80864,,162619.32,87629.75,250249.07,137586714981093.92,test_baseline_x120_y16.log
BitMod (Bit-Serial),gpt2-large,118,16,1424247.0,1.719968,0.508978,0.524382,1.719968,,417.58,542.98,960.55,1368067440.2,test_bitmod_x118_y16.log
BitMod (Bit-Serial),gpt2-xl,118,16,1847650.0,1.719968,0.508978,0.524382,1.719968,,539.8,711.39,1251.19,2311765332.8,test_bitmod_x118_y16.log
BitMod (Bit-Serial),microsoft/phi-2,118,16,55290440.0,1.719968,0.508978,0.524382,1.719968,,16322.37,19220.93,35543.31,1965204997223.47,test_bitmod_x118_y16.log
BitMod (Bit-Serial),facebook/opt-2.7b,118,16,55241069.0,1.719968,0.508978,0.524382,1.719968,,16307.85,19205.78,35513.63,1961810898410.71,test_bitmod_x118_y16.log
BitMod (Bit-Serial),meta-llama/Llama-2-7b-hf,118,16,137830050.0,1.719968,0.508978,0.524382,1.719968,,40756.81,47748.31,88505.12,12198665349322.21,test_bitmod_x118_y16.log
Baseline (FP16),gpt2-large,22,16,5456734.0,0.331584,0.511153,0.485785,0.331584,,1604.79,969.8,2574.59,14048841936.96,test_baseline_x22_y16.log
Baseline (FP16),gpt2-xl,22,16,6867595.0,0.331584,0.511153,0.485785,0.331584,,2023.31,1228.64,3251.96,22333130935.04,test_baseline_x22_y16.log
Baseline (FP16),microsoft/phi-2,22,16,220404076.0,0.331584,0.511153,0.485785,0.331584,,65179.13,38794.75,103973.89,22916268740370.11,test_baseline_x22_y16.log
Baseline (FP16),facebook/opt-2.7b,22,16,220206503.0,0.331584,0.511153,0.485785,0.331584,,65120.7,38760.26,103880.97,22875264250672.45,test_baseline_x22_y16.log
Baseline (FP16),meta-llama/Llama-2-7b-hf,22,16,549799110.0,0.331584,0.511153,0.485785,0.331584,,162619.32,96672.67,259291.98,142558502253109.53,test_baseline_x22_y16.log
MixPosit (Bit-Serial + Mixed-Precision),gpt2-large,40,16,1755671.9999999998,0.17792,0.551929,0.524382,0.17792,,427.64,309.48,737.13,1294152066.46,test_flexposit_x40_y16.log
MixPosit (Bit-Serial + Mixed-Precision),gpt2-xl,40,16,2241191.9999999995,0.17792,0.551929,0.524382,0.17792,,551.98,394.39,946.36,2120981838.44,test_flexposit_x40_y16.log
MixPosit (Bit-Serial + Mixed-Precision),microsoft/phi-2,40,16,73039200.0,0.17792,0.551929,0.524382,0.17792,,17906.17,12804.17,30710.34,2243058976037.36,test_flexposit_x40_y16.log
MixPosit (Bit-Serial + Mixed-Precision),facebook/opt-2.7b,40,16,79587680.0,0.17792,0.551929,0.524382,0.17792,,19549.9,13855.76,33405.66,2658679244345.26,test_flexposit_x40_y16.log
MixPosit (Bit-Serial + Mixed-Precision),meta-llama/Llama-2-7b-hf,40,16,207766240.0,0.17792,0.551929,0.524382,0.17792,,50899.24,36050.75,86949.99,18065273444465.39,test_flexposit_x40_y16.log
MixPosit (Bit-Serial + Mixed-Precision),gpt2-large,38,16,1842263.9999999998,0.169024,0.542996,0.524382,0.169024,,427.64,309.88,737.52,1358713824.4,test_flexposit_x38_y16.log
MixPosit (Bit-Serial + Mixed-Precision),gpt2-xl,38,16,2349432.0,0.169024,0.542996,0.524382,0.169024,,551.98,394.57,946.55,2223846334.92,test_flexposit_x38_y16.log
MixPosit (Bit-Serial + Mixed-Precision),microsoft/phi-2,38,16,77375840.00000001,0.169024,0.542996,0.524382,0.169024,,17906.17,12935.43,30841.6,2386394881122.76,test_flexposit_x38_y16.log
MixPosit (Bit-Serial + Mixed-Precision),facebook/opt-2.7b,38,16,84312416.0,0.169024,0.542996,0.524382,0.169024,,19549.9,13994.14,33544.05,2828179502188.41,test_flexposit_x38_y16.log
MixPosit (Bit-Serial + Mixed-Precision),meta-llama/Llama-2-7b-hf,38,16,218052320.0,0.169024,0.542996,0.524382,0.169024,,50899.24,36083.03,86982.27,18966686708246.7,test_flexposit_x38_y16.log
Baseline (FP16),gpt2-large,20,16,5456734.0,0.30144,0.500027,0.485785,0.30144,,1604.79,979.94,2584.73,14104170579.04,test_baseline_x20_y16.log
Baseline (FP16),gpt2-xl,20,16,6867595.0,0.30144,0.500027,0.485785,0.30144,,2023.31,1240.08,3263.4,22411704218.23,test_baseline_x20_y16.log
Baseline (FP16),microsoft/phi-2,20,16,220404076.0,0.30144,0.500027,0.485785,0.30144,,65179.13,39175.2,104354.34,23000120903441.07,test_baseline_x20_y16.log
Baseline (FP16),facebook/opt-2.7b,20,16,220206503.0,0.30144,0.500027,0.485785,0.30144,,65120.7,39140.38,104261.09,22958969266835.45,test_baseline_x20_y16.log
Baseline (FP16),meta-llama/Llama-2-7b-hf,20,16,549799110.0,0.30144,0.500027,0.485785,0.30144,,162619.32,97800.05,260419.37,143178336135776.3,test_baseline_x20_y16.log
BitMod (Bit-Serial),gpt2-large,8,16,4106476.0,0.116608,0.502745,0.524382,0.116608,,417.58,579.72,997.29,4095366098.1,test_bitmod_x8_y16.log
BitMod (Bit-Serial),gpt2-xl,8,16,5201216.0,0.116608,0.502745,0.524382,0.116608,,539.8,728.85,1268.66,6598556410.67,test_bitmod_x8_y16.log
BitMod (Bit-Serial),microsoft/phi-2,8,16,165707104.0,0.116608,0.502745,0.524382,0.116608,,16322.37,23507.44,39829.82,6600083956171.7,test_bitmod_x8_y16.log
BitMod (Bit-Serial),facebook/opt-2.7b,8,16,165558624.0,0.116608,0.502745,0.524382,0.116608,,16307.85,23486.37,39794.22,6588275680368.19,test_bitmod_x8_y16.log
BitMod (Bit-Serial),meta-llama/Llama-2-7b-hf,8,16,413317856.0,0.116608,0.502745,0.524382,0.116608,,40756.81,58645.22,99402.03,41084632125629.72,test_bitmod_x8_y16.log
BitMod (Bit-Serial),gpt2-large,74,16,1424247.0,1.078624,0.539642,0.524382,1.078624,,417.58,515.27,932.85,1328611331.13,test_bitmod_x74_y16.log
BitMod (Bit-Serial),gpt2-xl,74,16,1847650.0,1.078624,0.539642,0.524382,1.078624,,539.8,664.99,1204.79,2226033339.97,test_bitmod_x74_y16.log
BitMod (Bit-Serial),microsoft/phi-2,74,16,55290440.0,1.078624,0.539642,0.524382,1.078624,,16322.37,19249.19,35571.56,1966767435511.76,test_bitmod_x74_y16.log
BitMod (Bit-Serial),facebook/opt-2.7b,74,16,55241069.0,1.078624,0.539642,0.524382,1.078624,,16307.85,19232.86,35540.71,1963306878285.35,test_bitmod_x74_y16.log
BitMod (Bit-Serial),meta-llama/Llama-2-7b-hf,74,16,137830050.0,1.078624,0.539642,0.524382,1.078624,,40756.81,47869.43,88626.24,12215358943769.48,test_bitmod_x74_y16.log
OLIVE (Non-uniform Quantization),gpt2-large,76,16,2777338.0,0.277248,0.542996,0.467155,0.277248,,800.72,733.63,1534.35,4261399319.79,test_olive_x76_y16.log
OLIVE (Non-uniform Quantization),gpt2-xl,76,16,3510287.0,0.277248,0.542996,0.467155,0.277248,,1009.24,946.86,1956.1,6866465613.61,test_olive_x76_y16.log
OLIVE (Non-uniform Quantization),microsoft/phi-2,76,16,110252351.0,0.277248,0.542996,0.467155,0.277248,,32584.07,27322.45,59906.52,6604834274744.36,test_olive_x76_y16.log
OLIVE (Non-uniform Quantization),facebook/opt-2.7b,76,16,110153796.0,0.277248,0.542996,0.467155,0.277248,,32555.05,27298.61,59853.66,6593108068710.68,test_olive_x76_y16.log
OLIVE (Non-uniform Quantization),meta-llama/Llama-2-7b-hf,76,16,274954917.0,0.277248,0.542996,0.467155,0.277248,,81291.89,67736.02,149027.91,40975956621832.9,test_olive_x76_y16.log
OLIVE (Non-uniform Quantization),gpt2-large,56,16,2777338.0,0.204288,0.515771,0.467155,0.204288,,800.72,731.01,1531.72,4254108867.84,test_olive_x56_y16.log
OLIVE (Non-uniform Quantization),gpt2-xl,56,16,3510287.0,0.204288,0.515771,0.467155,0.204288,,1009.24,936.3,1945.54,6829417078.38,test_olive_x56_y16.log
OLIVE (Non-uniform Quantization),microsoft/phi-2,56,16,110252351.0,0.204288,0.515771,0.467155,0.204288,,32584.07,27910.79,60494.85,6669699837923.74,test_olive_x56_y16.log
OLIVE (Non-uniform Quantization),facebook/opt-2.7b,56,16,110153796.0,0.204288,0.515771,0.467155,0.204288,,32555.05,27885.32,60440.37,6657736606208.7,test_olive_x56_y16.log
OLIVE (Non-uniform Quantization),meta-llama/Llama-2-7b-hf,56,16,274954917.0,0.204288,0.515771,0.467155,0.204288,,81291.89,69762.25,151054.14,41533079599386.18,test_olive_x56_y16.log
MixPosit (Bit-Serial + Mixed-Precision),gpt2-large,14,16,4823436.799999993,0.062272,0.48294,0.524382,0.062272,,427.64,342.18,769.83,3713211174.18,test_flexposit_x14_y16.log
MixPosit (Bit-Serial + Mixed-Precision),gpt2-xl,14,16,6070230.39999999,0.062272,0.48294,0.524382,0.062272,,551.98,431.27,983.25,5968528871.44,test_flexposit_x14_y16.log
MixPosit (Bit-Serial + Mixed-Precision),microsoft/phi-2,14,16,208421433.6000004,0.062272,0.48294,0.524382,0.062272,,17906.17,14575.61,32481.78,6769899360578.79,test_flexposit_x14_y16.log
MixPosit (Bit-Serial + Mixed-Precision),facebook/opt-2.7b,14,16,227144147.1999998,0.062272,0.48294,0.524382,0.062272,,19549.9,15650.47,35200.37,7995558990996.54,test_flexposit_x14_y16.log
MixPosit (Bit-Serial + Mixed-Precision),meta-llama/Llama-2-7b-hf,14,16,591003968.0,0.062272,0.48294,0.524382,0.062272,,50899.24,40447.73,91346.97,53986422912655.65,test_flexposit_x14_y16.log
OLIVE (Non-uniform Quantization),gpt2-large,50,16,2777338.0,0.1824,0.524255,0.467155,0.1824,,800.72,727.81,1528.53,4245234345.68,test_olive_x50_y16.log
OLIVE (Non-uniform Quantization),gpt2-xl,50,16,3510287.0,0.1824,0.524255,0.467155,0.1824,,1009.24,930.11,1939.35,6807666215.24,test_olive_x50_y16.log
OLIVE (Non-uniform Quantization),microsoft/phi-2,50,16,110252351.0,0.1824,0.524255,0.467155,0.1824,,32584.07,28157.63,60741.7,6696915009835.82,test_olive_x50_y16.log
OLIVE (Non-uniform Quantization),facebook/opt-2.7b,50,16,110153796.0,0.1824,0.524255,0.467155,0.1824,,32555.05,28133.41,60688.47,6685065130811.38,test_olive_x50_y16.log
OLIVE (Non-uniform Quantization),meta-llama/Llama-2-7b-hf,50,16,274954917.0,0.1824,0.524255,0.467155,0.1824,,81291.89,69649.37,150941.26,41502041842936.51,test_olive_x50_y16.log
OLIVE (Non-uniform Quantization),gpt2-large,16,16,4132352.0,0.058368,0.467155,0.467155,0.058368,,800.72,819.75,1620.47,6696336462.06,test_olive_x16_y16.log
OLIVE (Non-uniform Quantization),gpt2-xl,16,16,5205376.0,0.058368,0.467155,0.467155,0.058368,,1009.24,1032.79,2042.03,10629510710.27,test_olive_x16_y16.log
OLIVE (Non-uniform Quantization),microsoft/phi-2,16,16,165658624.0,0.058368,0.467155,0.467155,0.058368,,32584.07,32879.29,65463.36,10844569919501.26,test_olive_x16_y16.log
OLIVE (Non-uniform Quantization),facebook/opt-2.7b,16,16,165510144.0,0.058368,0.467155,0.467155,0.058368,,32555.05,32849.82,65404.88,10825170772010.1,test_olive_x16_y16.log
OLIVE (Non-uniform Quantization),meta-llama/Llama-2-7b-hf,16,16,413220864.0,0.058368,0.467155,0.467155,0.058368,,81291.89,82013.44,163305.33,67481171453658.51,test_olive_x16_y16.log
Baseline (FP16),gpt2-large,44,16,5456734.0,0.663168,0.48244,0.485785,0.663168,,1604.79,937.28,2542.07,13871385220.71,test_baseline_x44_y16.log
Baseline (FP16),gpt2-xl,44,16,6865291.0,0.663168,0.48244,0.485785,0.663168,,2023.31,1194.68,3218.0,22092487602.79,test_baseline_x44_y16.log
Baseline (FP16),microsoft/phi-2,44,16,220404076.0,0.663168,0.48244,0.485785,0.663168,,65179.13,36555.38,101734.52,22422701942694.95,test_baseline_x44_y16.log
Baseline (FP16),facebook/opt-2.7b,44,16,220206503.0,0.663168,0.48244,0.485785,0.663168,,65120.7,36523.09,101643.79,22382624137854.98,test_baseline_x44_y16.log
Baseline (FP16),meta-llama/Llama-2-7b-hf,44,16,549799110.0,0.663168,0.48244,0.485785,0.663168,,162619.32,90911.14,253530.46,139390822364714.11,test_baseline_x44_y16.log
OLIVE (Non-uniform Quantization),gpt2-large,36,16,2777338.0,0.131328,0.491009,0.467155,0.131328,,800.72,735.96,1536.68,4267871026.12,test_olive_x36_y16.log
OLIVE (Non-uniform Quantization),gpt2-xl,36,16,3510287.0,0.131328,0.491009,0.467155,0.131328,,1009.24,935.16,1944.4,6825414412.97,test_olive_x36_y16.log
OLIVE (Non-uniform Quantization),microsoft/phi-2,36,16,110252351.0,0.131328,0.491009,0.467155,0.131328,,32584.07,28983.41,61567.48,6787959062669.85,test_olive_x36_y16.log
OLIVE (Non-uniform Quantization),facebook/opt-2.7b,36,16,110153796.0,0.131328,0.491009,0.467155,0.131328,,32555.05,28957.46,61512.52,6775837327986.09,test_olive_x36_y16.log
OLIVE (Non-uniform Quantization),meta-llama/Llama-2-7b-hf,36,16,274954917.0,0.131328,0.491009,0.467155,0.131328,,81291.89,71772.96,153064.85,42085932146309.96,test_olive_x36_y16.log
MixPosit (Bit-Serial + Mixed-Precision),gpt2-large,102,16,1480797.0,0.453696,0.587045,0.524382,0.453696,,427.64,322.42,750.07,1110698323.26,test_flexposit_x102_y16.log
MixPosit (Bit-Serial + Mixed-Precision),gpt2-xl,102,16,1896395.0,0.453696,0.587045,0.524382,0.453696,,551.98,420.36,972.34,1843933394.68,test_flexposit_x102_y16.log
MixPosit (Bit-Serial + Mixed-Precision),microsoft/phi-2,102,16,60744782.0,0.453696,0.587045,0.524382,0.453696,,17906.17,12623.87,30530.04,1854540794031.15,test_flexposit_x102_y16.log
MixPosit (Bit-Serial + Mixed-Precision),facebook/opt-2.7b,102,16,66226156.0,0.453696,0.587045,0.524382,0.453696,,19549.9,13700.04,33249.94,2202015504490.38,test_flexposit_x102_y16.log
MixPosit (Bit-Serial + Mixed-Precision),meta-llama/Llama-2-7b-hf,102,16,172147670.0,0.453696,0.587045,0.524382,0.453696,,50899.24,35061.62,85960.86,14797962404680.79,test_flexposit_x102_y16.log
BitMod (Bit-Serial),gpt2-large,108,16,1424247.0,1.574208,0.504615,0.524382,1.574208,,417.58,535.47,953.05,1357371709.51,test_bitmod_x108_y16.log
BitMod (Bit-Serial),gpt2-xl,108,16,1847650.0,1.574208,0.504615,0.524382,1.574208,,539.8,699.36,1239.16,2289539561.01,test_bitmod_x108_y16.log
BitMod (Bit-Serial),microsoft/phi-2,108,16,55290440.0,1.574208,0.504615,0.524382,1.574208,,16322.37,19140.13,35462.5,1960737419837.81,test_bitmod_x108_y16.log
BitMod (Bit-Serial),facebook/opt-2.7b,108,16,55241069.0,1.574208,0.504615,0.524382,1.574208,,16307.85,19122.43,35430.28,1957206773464.7,test_bitmod_x108_y16.log
BitMod (Bit-Serial),meta-llama/Llama-2-7b-hf,108,16,137830050.0,1.574208,0.504615,0.524382,1.574208,,40756.81,47310.29,88067.1,12138292818199.68,test_bitmod_x108_y16.log
OLIVE (Non-uniform Quantization),gpt2-large,38,16,2777338.0,0.138624,0.494397,0.467155,0.138624,,800.72,733.02,1533.74,4259712789.25,test_olive_x38_y16.log
OLIVE (Non-uniform Quantization),gpt2-xl,38,16,3510287.0,0.138624,0.494397,0.467155,0.138624,,1009.24,932.22,1941.46,6815074871.31,test_olive_x38_y16.log
OLIVE (Non-uniform Quantization),microsoft/phi-2,38,16,110252351.0,0.138624,0.494397,0.467155,0.138624,,32584.07,28742.84,61326.91,6761435975825.19,test_olive_x38_y16.log
OLIVE (Non-uniform Quantization),facebook/opt-2.7b,38,16,110153796.0,0.138624,0.494397,0.467155,0.138624,,32555.05,28716.7,61271.75,6749316056967.19,test_olive_x38_y16.log
OLIVE (Non-uniform Quantization),meta-llama/Llama-2-7b-hf,38,16,274954917.0,0.138624,0.494397,0.467155,0.138624,,81291.89,71319.34,152611.24,41961209496987.49,test_olive_x38_y16.log
BitMod (Bit-Serial),gpt2-large,12,16,2764516.0,0.174912,0.472874,0.524382,0.174912,,417.58,542.69,960.27,2654691479.21,test_bitmod_x12_y16.log
BitMod (Bit-Serial),gpt2-xl,12,16,3523712.0,0.174912,0.472874,0.524382,0.174912,,539.8,683.98,1223.78,4312249054.4,test_bitmod_x12_y16.log
BitMod (Bit-Serial),microsoft/phi-2,12,16,110793824.0,0.174912,0.472874,0.524382,0.174912,,16322.37,21931.93,38254.3,4238340499523.24,test_bitmod_x12_y16.log
BitMod (Bit-Serial),facebook/opt-2.7b,12,16,110695264.0,0.174912,0.472874,0.524382,0.174912,,16307.85,21912.39,38220.24,4230799517325.51,test_bitmod_x12_y16.log
BitMod (Bit-Serial),meta-llama/Llama-2-7b-hf,12,16,276050656.0,0.174912,0.472874,0.524382,0.174912,,40756.81,54665.36,95422.17,26341353598935.32,test_bitmod_x12_y16.log
MixPosit (Bit-Serial + Mixed-Precision),gpt2-large,120,16,1480797.0,0.53376,0.613079,0.524382,0.53376,,427.64,330.17,757.81,1122169187.14,test_flexposit_x120_y16.log
MixPosit (Bit-Serial + Mixed-Precision),gpt2-xl,120,16,1896395.0,0.53376,0.613079,0.524382,0.53376,,551.98,432.86,984.83,1867631027.68,test_flexposit_x120_y16.log
MixPosit (Bit-Serial + Mixed-Precision),microsoft/phi-2,120,16,60744782.0,0.53376,0.613079,0.524382,0.53376,,17906.17,12636.51,30542.68,1855308195241.05,test_flexposit_x120_y16.log
MixPosit (Bit-Serial + Mixed-Precision),facebook/opt-2.7b,120,16,66226156.0,0.53376,0.613079,0.524382,0.53376,,19549.9,13720.23,33270.13,2203353069803.33,test_flexposit_x120_y16.log
MixPosit (Bit-Serial + Mixed-Precision),meta-llama/Llama-2-7b-hf,120,16,172147670.0,0.53376,0.613079,0.524382,0.53376,,50899.24,35300.53,86199.77,14839089913466.52,test_flexposit_x120_y16.log
Baseline (FP16),gpt2-large,10,16,6543872.0,0.15072,0.475385,0.485785,0.15072,,1604.79,1124.19,2728.98,17858114168.31,test_baseline_x10_y16.log
Baseline (FP16),gpt2-xl,10,16,8232064.0,0.15072,0.475385,0.485785,0.15072,,2023.31,1414.49,3437.8,28300186532.27,test_baseline_x10_y16.log
Baseline (FP16),microsoft/phi-2,10,16,265005728.0,0.15072,0.475385,0.485785,0.15072,,65179.13,45522.45,110701.59,29336554155807.66,test_baseline_x10_y16.log
Baseline (FP16),facebook/opt-2.7b,10,16,264770208.0,0.15072,0.475385,0.485785,0.15072,,65120.7,45481.96,110602.67,29284291000554.8,test_baseline_x10_y16.log
Baseline (FP16),meta-llama/Llama-2-7b-hf,10,16,661494080.0,0.15072,0.475385,0.485785,0.15072,,162619.32,113627.37,276246.69,182735550851040.75,test_baseline_x10_y16.log
MixPosit (Bit-Serial + Mixed-Precision),gpt2-large,52,16,1480797.0,0.231296,0.499773,0.524382,0.231296,,427.64,311.15,738.8,1094009603.89,test_flexposit_x52_y16.log
MixPosit (Bit-Serial + Mixed-Precision),gpt2-xl,52,16,1896395.0,0.231296,0.499773,0.524382,0.231296,,551.98,398.42,950.39,1802322692.85,test_flexposit_x52_y16.log
MixPosit (Bit-Serial + Mixed-Precision),microsoft/phi-2,52,16,60744782.0,0.231296,0.499773,0.524382,0.231296,,17906.17,12793.51,30699.68,1864845183871.1,test_flexposit_x52_y16.log
MixPosit (Bit-Serial + Mixed-Precision),facebook/opt-2.7b,52,16,66226156.0,0.231296,0.499773,0.524382,0.231296,,19549.9,13853.3,33403.2,2212165826543.39,test_flexposit_x52_y16.log
MixPosit (Bit-Serial + Mixed-Precision),meta-llama/Llama-2-7b-hf,52,16,172147670.0,0.231296,0.499773,0.524382,0.231296,,50899.24,35628.21,86527.46,14895499773144.6,test_flexposit_x52_y16.log
OLIVE (Non-uniform Quantization),gpt2-large,30,16,2777338.0,0.10944,0.484009,0.467155,0.10944,,800.72,748.54,1549.26,4302813047.02,test_olive_x30_y16.log
OLIVE (Non-uniform Quantization),gpt2-xl,30,16,3510287.0,0.10944,0.484009,0.467155,0.10944,,1009.24,948.72,1957.96,6873007036.74,test_olive_x30_y16.log
OLIVE (Non-uniform Quantization),microsoft/phi-2,30,16,110260543.0,0.10944,0.484009,0.467155,0.10944,,32584.07,29652.97,62237.04,6862289723344.96,test_olive_x30_y16.log
OLIVE (Non-uniform Quantization),facebook/opt-2.7b,30,16,110161988.0,0.10944,0.484009,0.467155,0.10944,,32555.05,29626.51,62181.56,6850044298271.66,test_olive_x30_y16.log
OLIVE (Non-uniform Quantization),meta-llama/Llama-2-7b-hf,30,16,274962917.0,0.10944,0.484009,0.467155,0.10944,,81291.89,73686.18,154978.07,42613221635818.16,test_olive_x30_y16.log
Baseline (FP16),gpt2-large,72,16,5456734.0,1.085184,0.525264,0.485785,1.085184,,1604.79,943.05,2547.84,13902900887.77,test_baseline_x72_y16.log
Baseline (FP16),gpt2-xl,72,16,6865291.0,1.085184,0.525264,0.485785,1.085184,,2023.31,1214.77,3238.09,22230415158.37,test_baseline_x72_y16.log
Baseline (FP16),microsoft/phi-2,72,16,220404076.0,1.085184,0.525264,0.485785,1.085184,,65179.13,35458.49,100637.63,22180943239046.8,test_baseline_x72_y16.log
Baseline (FP16),facebook/opt-2.7b,72,16,220206503.0,1.085184,0.525264,0.485785,1.085184,,65120.7,35426.85,100547.55,22141225442618.65,test_baseline_x72_y16.log
Baseline (FP16),meta-llama/Llama-2-7b-hf,72,16,549799110.0,1.085184,0.525264,0.485785,1.085184,,162619.32,87655.1,250274.42,137600651361612.4,test_baseline_x72_y16.log
OLIVE (Non-uniform Quantization),gpt2-large,104,16,2777338.0,0.379392,0.499773,0.467155,0.379392,,800.72,754.18,1554.89,4318467060.34,test_olive_x104_y16.log
OLIVE (Non-uniform Quantization),gpt2-xl,104,16,3510287.0,0.379392,0.499773,0.467155,0.379392,,1009.24,982.99,1992.23,6993285146.67,test_olive_x104_y16.log
OLIVE (Non-uniform Quantization),microsoft/phi-2,104,16,110252351.0,0.379392,0.499773,0.467155,0.379392,,32584.07,27220.05,59804.12,6593544668296.87,test_olive_x104_y16.log
OLIVE (Non-uniform Quantization),facebook/opt-2.7b,104,16,110153796.0,0.379392,0.499773,0.467155,0.379392,,32555.05,27195.86,59750.91,6581789884409.1,test_olive_x104_y16.log
OLIVE (Non-uniform Quantization),meta-llama/Llama-2-7b-hf,104,16,274954917.0,0.379392,0.499773,0.467155,0.379392,,81291.89,67597.78,148889.67,40937947661469.79,test_olive_x104_y16.log
Baseline (FP16),gpt2-large,96,16,5456734.0,1.446912,0.572565,0.485785,1.446912,,1604.79,958.14,2562.93,13985223964.92,test_baseline_x96_y16.log
Baseline (FP16),gpt2-xl,96,16,6865291.0,1.446912,0.572565,0.485785,1.446912,,2023.31,1244.8,3268.12,22436569334.61,test_baseline_x96_y16.log
Baseline (FP16),microsoft/phi-2,96,16,220404076.0,1.446912,0.572565,0.485785,1.446912,,65179.13,34926.86,100105.99,22063768522522.42,test_baseline_x96_y16.log
Baseline (FP16),facebook/opt-2.7b,96,16,220206503.0,1.446912,0.572565,0.485785,1.446912,,65120.7,34894.96,100015.66,22024099216444.49,test_baseline_x96_y16.log
Baseline (FP16),meta-llama/Llama-2-7b-hf,96,16,549799110.0,1.446912,0.572565,0.485785,1.446912,,162619.32,86688.36,249307.68,137069138117469.61,test_baseline_x96_y16.log
MixPosit (Bit-Serial + Mixed-Precision),gpt2-large,92,16,1480797.0,0.409216,0.564391,0.524382,0.409216,,427.64,319.45,747.09,1106293084.05,test_flexposit_x92_y16.log
MixPosit (Bit-Serial + Mixed-Precision),gpt2-xl,92,16,1896395.0,0.409216,0.564391,0.524382,0.409216,,551.98,415.06,967.03,1833874889.43,test_flexposit_x92_y16.log
MixPosit (Bit-Serial + Mixed-Precision),microsoft/phi-2,92,16,60744782.0,0.409216,0.564391,0.524382,0.409216,,17906.17,12435.78,30341.95,1843115354601.62,test_flexposit_x92_y16.log
MixPosit (Bit-Serial + Mixed-Precision),facebook/opt-2.7b,92,16,66226156.0,0.409216,0.564391,0.524382,0.409216,,19549.9,13493.31,33043.21,2188324691531.15,test_flexposit_x92_y16.log
MixPosit (Bit-Serial + Mixed-Precision),meta-llama/Llama-2-7b-hf,92,16,172147670.0,0.409216,0.564391,0.524382,0.409216,,50899.24,34996.7,85895.94,14786786620052.11,test_flexposit_x92_y16.log
Baseline (FP16),gpt2-large,88,16,5456734.0,1.326336,0.55555,0.485785,1.326336,,1604.79,952.21,2557.0,13952867188.85,test_baseline_x88_y16.log
Baseline (FP16),gpt2-xl,88,16,6865291.0,1.326336,0.55555,0.485785,1.326336,,2023.31,1233.65,3256.97,22360034166.53,test_baseline_x88_y16.log
Baseline (FP16),microsoft/phi-2,88,16,220404076.0,1.326336,0.55555,0.485785,1.326336,,65179.13,35455.08,100634.21,22180191083581.83,test_baseline_x88_y16.log
Baseline (FP16),facebook/opt-2.7b,88,16,220206503.0,1.326336,0.55555,0.485785,1.326336,,65120.7,35425.59,100546.29,22140946802780.1,test_baseline_x88_y16.log
Baseline (FP16),meta-llama/Llama-2-7b-hf,88,16,549799110.0,1.326336,0.55555,0.485785,1.326336,,162619.32,87235.96,249855.28,137370208077361.97,test_baseline_x88_y16.log
BitMod (Bit-Serial),gpt2-large,22,16,1545956.0,0.320672,0.48205,0.524382,0.320672,,417.58,510.1,927.68,1434149034.12,test_bitmod_x22_y16.log
BitMod (Bit-Serial),gpt2-xl,22,16,2000512.0,0.320672,0.48205,0.524382,0.320672,,539.8,646.65,1186.45,2373509312.52,test_bitmod_x22_y16.log
BitMod (Bit-Serial),microsoft/phi-2,22,16,60634464.0,0.320672,0.48205,0.524382,0.320672,,16322.37,20383.19,36705.56,2225622082684.14,test_bitmod_x22_y16.log
BitMod (Bit-Serial),facebook/opt-2.7b,22,16,60580704.0,0.320672,0.48205,0.524382,0.320672,,16307.85,20365.07,36672.92,2221671303820.96,test_bitmod_x22_y16.log
BitMod (Bit-Serial),meta-llama/Llama-2-7b-hf,22,16,150979296.0,0.320672,0.48205,0.524382,0.320672,,40756.81,50790.22,91547.03,13821705443331.11,test_bitmod_x22_y16.log
OLIVE (Non-uniform Quantization),gpt2-large,48,16,2777338.0,0.175104,0.520647,0.467155,0.175104,,800.72,727.83,1528.55,4245298746.87,test_olive_x48_y16.log
OLIVE (Non-uniform Quantization),gpt2-xl,48,16,3510287.0,0.175104,0.520647,0.467155,0.175104,,1009.24,929.4,1938.64,6805173692.37,test_olive_x48_y16.log
OLIVE (Non-uniform Quantization),microsoft/phi-2,48,16,110252351.0,0.175104,0.520647,0.467155,0.175104,,32584.07,28198.26,60782.32,6701393859752.17,test_olive_x48_y16.log
OLIVE (Non-uniform Quantization),facebook/opt-2.7b,48,16,110153796.0,0.175104,0.520647,0.467155,0.175104,,32555.05,28173.66,60728.71,6689498342121.19,test_olive_x48_y16.log
OLIVE (Non-uniform Quantization),meta-llama/Llama-2-7b-hf,48,16,274954917.0,0.175104,0.520647,0.467155,0.175104,,81291.89,70060.16,151352.05,41614991202867.84,test_olive_x48_y16.log
Baseline (FP16),gpt2-large,116,16,5456734.0,1.748352,0.607011,0.485785,1.748352,,1604.79,985.35,2590.15,14133732548.22,test_baseline_x116_y16.log
Baseline (FP16),gpt2-xl,116,16,6865291.0,1.748352,0.607011,0.485785,1.748352,,2023.31,1287.99,3311.31,22733103282.24,test_baseline_x116_y16.log
Baseline (FP16),microsoft/phi-2,116,16,220404076.0,1.748352,0.607011,0.485785,1.748352,,65179.13,35741.88,100921.02,22243403553800.94,test_baseline_x116_y16.log
Baseline (FP16),facebook/opt-2.7b,116,16,220206503.0,1.748352,0.607011,0.485785,1.748352,,65120.7,35710.89,100831.59,22203771893966.45,test_baseline_x116_y16.log
Baseline (FP16),meta-llama/Llama-2-7b-hf,116,16,549799110.0,1.748352,0.607011,0.485785,1.748352,,162619.32,87487.99,250107.3,137508773607331.95,test_baseline_x116_y16.log
BitMod (Bit-Serial),gpt2-large,56,16,1424247.0,0.816256,0.515771,0.524382,0.816256,,417.58,508.21,925.79,1318549566.77,test_bitmod_x56_y16.log
BitMod (Bit-Serial),gpt2-xl,56,16,1847650.0,0.816256,0.515771,0.524382,0.816256,,539.8,651.36,1191.17,2200858624.63,test_bitmod_x56_y16.log
BitMod (Bit-Serial),microsoft/phi-2,56,16,55290440.0,0.816256,0.515771,0.524382,0.816256,,16322.37,19375.28,35697.65,1973738816333.58,test_bitmod_x56_y16.log
BitMod (Bit-Serial),facebook/opt-2.7b,56,16,55241069.0,0.816256,0.515771,0.524382,0.816256,,16307.85,19357.59,35665.44,1970197238655.05,test_bitmod_x56_y16.log
BitMod (Bit-Serial),meta-llama/Llama-2-7b-hf,56,16,137830050.0,0.816256,0.515771,0.524382,0.816256,,40756.81,48427.78,89184.59,12292316246148.86,test_bitmod_x56_y16.log
Baseline (FP16),gpt2-large,80,16,5456734.0,1.20576,0.538446,0.485785,1.20576,,1604.79,946.49,2551.28,13921654379.62,test_baseline_x80_y16.log
Baseline (FP16),gpt2-xl,80,16,6865291.0,1.20576,0.538446,0.485785,1.20576,,2023.31,1222.78,3246.09,22285356216.96,test_baseline_x80_y16.log
Baseline (FP16),microsoft/phi-2,80,16,220404076.0,1.20576,0.538446,0.485785,1.20576,,65179.13,34906.83,100085.96,22059353774824.33,test_baseline_x80_y16.log
Baseline (FP16),facebook/opt-2.7b,80,16,220206503.0,1.20576,0.538446,0.485785,1.20576,,65120.7,34877.18,99997.89,22020185013892.88,test_baseline_x80_y16.log
Baseline (FP16),meta-llama/Llama-2-7b-hf,80,16,549799110.0,1.20576,0.538446,0.485785,1.20576,,162619.32,87744.71,250364.03,137649921050759.58,test_baseline_x80_y16.log
OLIVE (Non-uniform Quantization),gpt2-large,52,16,2777338.0,0.189696,0.530432,0.467155,0.189696,,800.72,727.57,1528.29,4244573964.45,test_olive_x52_y16.log
OLIVE (Non-uniform Quantization),gpt2-xl,52,16,3510287.0,0.189696,0.530432,0.467155,0.189696,,1009.24,930.55,1939.79,6809209186.79,test_olive_x52_y16.log
OLIVE (Non-uniform Quantization),microsoft/phi-2,52,16,110252351.0,0.189696,0.530432,0.467155,0.189696,,32584.07,28076.01,60660.07,6687915465320.64,test_olive_x52_y16.log
OLIVE (Non-uniform Quantization),facebook/opt-2.7b,52,16,110153796.0,0.189696,0.530432,0.467155,0.189696,,32555.05,28050.93,60605.98,6675979284697.62,test_olive_x52_y16.log
OLIVE (Non-uniform Quantization),meta-llama/Llama-2-7b-hf,52,16,274954917.0,0.189696,0.530432,0.467155,0.189696,,81291.89,69458.38,150750.27,41449526814283.66,test_olive_x52_y16.log
BitMod (Bit-Serial),gpt2-large,58,16,1424247.0,0.845408,0.519264,0.524382,0.845408,,417.58,508.87,926.45,1319495389.48,test_bitmod_x58_y16.log
BitMod (Bit-Serial),gpt2-xl,58,16,1847650.0,0.845408,0.519264,0.524382,0.845408,,539.8,652.73,1192.53,2203378863.19,test_bitmod_x58_y16.log
BitMod (Bit-Serial),microsoft/phi-2,58,16,55290440.0,0.845408,0.519264,0.524382,0.845408,,16322.37,19515.1,35837.48,1981469940453.13,test_bitmod_x58_y16.log
BitMod (Bit-Serial),facebook/opt-2.7b,58,16,55241069.0,0.845408,0.519264,0.524382,0.845408,,16307.85,19497.88,35805.73,1977946744610.32,test_bitmod_x58_y16.log
BitMod (Bit-Serial),meta-llama/Llama-2-7b-hf,58,16,137830050.0,0.845408,0.519264,0.524382,0.845408,,40756.81,48176.67,88933.48,12257706069146.89,test_bitmod_x58_y16.log
MixPosit (Bit-Serial + Mixed-Precision),gpt2-large,82,16,1480797.0,0.364736,0.542686,0.524382,0.364736,,427.64,316.41,744.06,1101795486.9,test_flexposit_x82_y16.log
MixPosit (Bit-Serial + Mixed-Precision),gpt2-xl,82,16,1896395.0,0.364736,0.542686,0.524382,0.364736,,551.98,409.68,961.66,1823680983.27,test_flexposit_x82_y16.log
MixPosit (Bit-Serial + Mixed-Precision),microsoft/phi-2,82,16,60744782.0,0.364736,0.542686,0.524382,0.364736,,17906.17,12606.65,30512.82,1853494646621.33,test_flexposit_x82_y16.log
MixPosit (Bit-Serial + Mixed-Precision),facebook/opt-2.7b,82,16,66226156.0,0.364736,0.542686,0.524382,0.364736,,19549.9,13675.64,33225.54,2200399835138.04,test_flexposit_x82_y16.log
MixPosit (Bit-Serial + Mixed-Precision),meta-llama/Llama-2-7b-hf,82,16,172147670.0,0.364736,0.542686,0.524382,0.364736,,50899.24,34997.46,85896.7,14786916958828.48,test_flexposit_x82_y16.log
OLIVE (Non-uniform Quantization),gpt2-large,98,16,2777338.0,0.357504,0.493765,0.467155,0.357504,,800.72,749.61,1550.33,4305790656.15,test_olive_x98_y16.log
OLIVE (Non-uniform Quantization),gpt2-xl,98,16,3510287.0,0.357504,0.493765,0.467155,0.357504,,1009.24,975.08,1984.32,6965540593.24,test_olive_x98_y16.log
OLIVE (Non-uniform Quantization),microsoft/phi-2,98,16,110252351.0,0.357504,0.493765,0.467155,0.357504,,32584.07,27578.18,60162.24,6633028530617.68,test_olive_x98_y16.log
OLIVE (Non-uniform Quantization),facebook/opt-2.7b,98,16,110153796.0,0.357504,0.493765,0.467155,0.357504,,32555.05,27552.81,60107.87,6621109598307.52,test_olive_x98_y16.log
OLIVE (Non-uniform Quantization),meta-llama/Llama-2-7b-hf,98,16,274954917.0,0.357504,0.493765,0.467155,0.357504,,81291.89,67531.07,148822.96,40919604250970.43,test_olive_x98_y16.log
Baseline (FP16),gpt2-large,40,16,5456734.0,0.60288,0.551929,0.485785,0.60288,,1604.79,931.06,2535.86,13837494029.09,test_baseline_x40_y16.log
Baseline (FP16),gpt2-xl,40,16,6865291.0,0.60288,0.551929,0.485785,0.60288,,2023.31,1184.87,3208.19,22025144164.77,test_baseline_x40_y16.log
Baseline (FP16),microsoft/phi-2,40,16,220404076.0,0.60288,0.551929,0.485785,0.60288,,65179.13,36199.66,101378.79,22344298595132.76,test_baseline_x40_y16.log
Baseline (FP16),facebook/opt-2.7b,40,16,220206503.0,0.60288,0.551929,0.485785,0.60288,,65120.7,36167.52,101288.23,22304325885248.44,test_baseline_x40_y16.log
Baseline (FP16),meta-llama/Llama-2-7b-hf,40,16,549799110.0,0.60288,0.551929,0.485785,0.60288,,162619.32,90626.88,253246.19,139234532373114.72,test_baseline_x40_y16.log
OLIVE (Non-uniform Quantization),gpt2-large,44,16,2777338.0,0.160512,0.511153,0.467155,0.160512,,800.72,729.23,1529.95,4249182458.89,test_olive_x44_y16.log
OLIVE (Non-uniform Quantization),gpt2-xl,44,16,3510287.0,0.160512,0.511153,0.467155,0.160512,,1009.24,929.68,1938.92,6806169036.4,test_olive_x44_y16.log
OLIVE (Non-uniform Quantization),microsoft/phi-2,44,16,110252351.0,0.160512,0.511153,0.467155,0.160512,,32584.07,28423.25,61007.31,6726199679961.63,test_olive_x44_y16.log
OLIVE (Non-uniform Quantization),facebook/opt-2.7b,44,16,110153796.0,0.160512,0.511153,0.467155,0.160512,,32555.05,28398.14,60953.2,6714226152447.89,test_olive_x44_y16.log
OLIVE (Non-uniform Quantization),meta-llama/Llama-2-7b-hf,44,16,274954917.0,0.160512,0.511153,0.467155,0.160512,,81291.89,70683.73,151975.62,41786444759087.08,test_olive_x44_y16.log
Baseline (FP16),gpt2-large,98,16,5456734.0,1.477056,0.578493,0.485785,1.477056,,1604.79,959.71,2564.5,13993808564.04,test_baseline_x98_y16.log
Baseline (FP16),gpt2-xl,98,16,6865291.0,1.477056,0.578493,0.485785,1.477056,,2023.31,1247.71,3271.03,22456549044.32,test_baseline_x98_y16.log
Baseline (FP16),microsoft/phi-2,98,16,220404076.0,1.477056,0.578493,0.485785,1.477056,,65179.13,35367.51,100546.64,22160889760038.39,test_baseline_x98_y16.log
Baseline (FP16),facebook/opt-2.7b,98,16,220206503.0,1.477056,0.578493,0.485785,1.477056,,65120.7,35334.99,100455.7,22120998082000.26,test_baseline_x98_y16.log
Baseline (FP16),meta-llama/Llama-2-7b-hf,98,16,549799110.0,1.477056,0.578493,0.485785,1.477056,,162619.32,86633.26,249252.58,137038847928477.03,test_baseline_x98_y16.log
OLIVE (Non-uniform Quantization),gpt2-large,26,16,2777338.0,0.094848,0.48107,0.467155,0.094848,,800.72,762.79,1563.51,4342395438.55,test_olive_x26_y16.log
OLIVE (Non-uniform Quantization),gpt2-xl,26,16,3510287.0,0.094848,0.48107,0.467155,0.094848,,1009.24,965.1,1974.34,6930513486.14,test_olive_x26_y16.log
OLIVE (Non-uniform Quantization),microsoft/phi-2,26,16,110260543.0,0.094848,0.48107,0.467155,0.094848,,32584.07,30344.75,62928.81,6938565129421.58,test_olive_x26_y16.log
OLIVE (Non-uniform Quantization),facebook/opt-2.7b,26,16,110161988.0,0.094848,0.48107,0.467155,0.094848,,32555.05,30317.44,62872.49,6926158880872.9,test_olive_x26_y16.log
OLIVE (Non-uniform Quantization),meta-llama/Llama-2-7b-hf,26,16,274962917.0,0.094848,0.48107,0.467155,0.094848,,81291.89,75574.48,156866.38,43132436049282.53,test_olive_x26_y16.log
Baseline (FP16),gpt2-large,32,16,5456734.0,0.482304,0.524382,0.485785,0.482304,,1604.79,943.09,2547.88,13903116642.0,test_baseline_x32_y16.log
Baseline (FP16),gpt2-xl,32,16,6865291.0,0.482304,0.524382,0.485785,0.482304,,2023.31,1196.2,3219.52,22102915494.47,test_baseline_x32_y16.log
Baseline (FP16),microsoft/phi-2,32,16,220404076.0,0.482304,0.524382,0.485785,0.482304,,65179.13,37078.23,102257.37,22537941036311.65,test_baseline_x32_y16.log
Baseline (FP16),facebook/opt-2.7b,32,16,220206503.0,0.482304,0.524382,0.485785,0.482304,,65120.7,37045.03,102165.74,22497559899771.79,test_baseline_x32_y16.log
Baseline (FP16),meta-llama/Llama-2-7b-hf,32,16,549799110.0,0.482304,0.524382,0.485785,0.482304,,162619.32,92455.7,255075.02,140240020327846.73,test_baseline_x32_y16.log
BitMod (Bit-Serial),gpt2-large,78,16,1424247.0,1.136928,0.549241,0.524382,1.136928,,417.58,517.17,934.75,1331314370.29,test_bitmod_x78_y16.log
BitMod (Bit-Serial),gpt2-xl,78,16,1847650.0,1.136928,0.549241,0.524382,1.136928,,539.8,668.43,1208.23,2232389616.16,test_bitmod_x78_y16.log
BitMod (Bit-Serial),microsoft/phi-2,78,16,55290440.0,1.136928,0.549241,0.524382,1.136928,,16322.37,19155.08,35477.45,1961563864761.25,test_bitmod_x78_y16.log
BitMod (Bit-Serial),facebook/opt-2.7b,78,16,55241069.0,1.136928,0.549241,0.524382,1.136928,,16307.85,19137.92,35445.77,1958062201349.64,test_bitmod_x78_y16.log
BitMod (Bit-Serial),meta-llama/Llama-2-7b-hf,78,16,137830050.0,1.136928,0.549241,0.524382,1.136928,,40756.81,47827.4,88584.21,12209566468664.78,test_bitmod_x78_y16.log
MixPosit (Bit-Serial + Mixed-Precision),gpt2-large,8,16,8366099.200000006,0.035584,0.467155,0.524382,0.035584,,427.64,386.48,814.12,6811043483.98,test_flexposit_x8_y16.log
MixPosit (Bit-Serial + Mixed-Precision),gpt2-xl,8,16,10511940.799999982,0.035584,0.467155,0.524382,0.035584,,551.98,486.29,1038.27,10914217868.16,test_flexposit_x8_y16.log
MixPosit (Bit-Serial + Mixed-Precision),microsoft/phi-2,8,16,364296044.7999993,0.035584,0.467155,0.524382,0.035584,,17906.17,16490.7,34396.87,12530645208704.76,test_flexposit_x8_y16.log
MixPosit (Bit-Serial + Mixed-Precision),facebook/opt-2.7b,8,16,397038649.6000004,0.035584,0.467155,0.524382,0.035584,,19549.9,17583.39,37133.29,14743351438338.54,test_flexposit_x8_y16.log
MixPosit (Bit-Serial + Mixed-Precision),meta-llama/Llama-2-7b-hf,8,16,1032747328.0,0.035584,0.467155,0.524382,0.035584,,50899.24,45287.43,96186.67,99336530299309.72,test_flexposit_x8_y16.log
BitMod (Bit-Serial),gpt2-large,86,16,1424247.0,1.253536,0.480121,0.524382,1.253536,,417.58,522.62,940.2,1339079716.82,test_bitmod_x86_y16.log
BitMod (Bit-Serial),gpt2-xl,86,16,1847650.0,1.253536,0.480121,0.524382,1.253536,,539.8,677.42,1217.23,2249011109.94,test_bitmod_x86_y16.log
BitMod (Bit-Serial),microsoft/phi-2,86,16,55290440.0,1.253536,0.480121,0.524382,1.253536,,16322.37,19198.01,35520.39,1963937828001.87,test_bitmod_x86_y16.log
BitMod (Bit-Serial),facebook/opt-2.7b,86,16,55241069.0,1.253536,0.480121,0.524382,1.253536,,16307.85,19180.68,35488.53,1960424585670.61,test_bitmod_x86_y16.log
BitMod (Bit-Serial),meta-llama/Llama-2-7b-hf,86,16,137830050.0,1.253536,0.480121,0.524382,1.253536,,40756.81,47662.47,88419.27,12186833040080.42,test_bitmod_x86_y16.log
OLIVE (Non-uniform Quantization),gpt2-large,14,16,4705792.0,0.051072,0.512417,0.467155,0.051072,,800.72,836.99,1637.71,7706723554.14,test_olive_x14_y16.log
OLIVE (Non-uniform Quantization),gpt2-xl,14,16,5922176.0,0.051072,0.512417,0.467155,0.051072,,1009.24,1053.5,2062.74,12215912390.69,test_olive_x14_y16.log
OLIVE (Non-uniform Quantization),microsoft/phi-2,14,16,189449216.0,0.051072,0.512417,0.467155,0.051072,,32584.07,33713.5,66297.56,12560021282444.33,test_olive_x14_y16.log
OLIVE (Non-uniform Quantization),facebook/opt-2.7b,14,16,189277696.0,0.051072,0.512417,0.467155,0.051072,,32555.05,33683.0,66238.05,12537385554280.12,test_olive_x14_y16.log
OLIVE (Non-uniform Quantization),meta-llama/Llama-2-7b-hf,14,16,472784896.0,0.051072,0.512417,0.467155,0.051072,,81291.89,84131.12,165423.01,78209499529107.69,test_olive_x14_y16.log
MixPosit (Bit-Serial + Mixed-Precision),gpt2-large,44,16,1606103.9999999998,0.195712,0.48244,0.524382,0.195712,,427.64,311.21,738.85,1186672288.56,test_flexposit_x44_y16.log
MixPosit (Bit-Serial + Mixed-Precision),gpt2-xl,44,16,2054231.9999999998,0.195712,0.48244,0.524382,0.195712,,551.98,397.22,949.2,1949870345.6,test_flexposit_x44_y16.log
MixPosit (Bit-Serial + Mixed-Precision),microsoft/phi-2,44,16,67035488.0,0.195712,0.48244,0.524382,0.195712,,17906.17,12916.62,30822.79,2066220859653.1,test_flexposit_x44_y16.log
MixPosit (Bit-Serial + Mixed-Precision),facebook/opt-2.7b,44,16,73044320.0,0.195712,0.48244,0.524382,0.195712,,19549.9,13977.4,33527.3,2448978658624.67,test_flexposit_x44_y16.log
MixPosit (Bit-Serial + Mixed-Precision),meta-llama/Llama-2-7b-hf,44,16,189344480.0,0.195712,0.48244,0.524382,0.195712,,50899.24,36123.01,87022.25,16477183333694.76,test_flexposit_x44_y16.log
Baseline (FP16),gpt2-large,46,16,5456734.0,0.693312,0.486951,0.485785,0.693312,,1604.79,936.34,2541.14,13866302098.77,test_baseline_x46_y16.log
Baseline (FP16),gpt2-xl,46,16,6865291.0,0.693312,0.486951,0.485785,0.693312,,2023.31,1194.46,3217.77,22090925312.68,test_baseline_x46_y16.log
Baseline (FP16),microsoft/phi-2,46,16,220404076.0,0.693312,0.486951,0.485785,0.693312,,65179.13,36268.78,101447.92,22359534527553.95,test_baseline_x46_y16.log
Baseline (FP16),facebook/opt-2.7b,46,16,220206503.0,0.693312,0.486951,0.485785,0.693312,,65120.7,36235.22,101355.93,22319234525590.6,test_baseline_x46_y16.log
Baseline (FP16),meta-llama/Llama-2-7b-hf,46,16,549799110.0,0.693312,0.486951,0.485785,0.693312,,162619.32,90625.65,253244.97,139233859838779.0,test_baseline_x46_y16.log
OLIVE (Non-uniform Quantization),gpt2-large,86,16,2777338.0,0.313728,0.480121,0.467155,0.313728,,800.72,743.0,1543.72,4287434586.11,test_olive_x86_y16.log
OLIVE (Non-uniform Quantization),gpt2-xl,86,16,3510287.0,0.313728,0.480121,0.467155,0.313728,,1009.24,962.42,1971.66,6921079726.43,test_olive_x86_y16.log
OLIVE (Non-uniform Quantization),microsoft/phi-2,86,16,110252351.0,0.313728,0.480121,0.467155,0.313728,,32584.07,27340.35,59924.41,6606807464183.35,test_olive_x86_y16.log
OLIVE (Non-uniform Quantization),facebook/opt-2.7b,86,16,110153796.0,0.313728,0.480121,0.467155,0.313728,,32555.05,27315.67,59870.72,6594987616191.07,test_olive_x86_y16.log
OLIVE (Non-uniform Quantization),meta-llama/Llama-2-7b-hf,86,16,274954917.0,0.313728,0.480121,0.467155,0.313728,,81291.89,67882.74,149174.63,41016297710443.99,test_olive_x86_y16.log
BitMod (Bit-Serial),gpt2-large,38,16,1424247.0,0.553888,0.494397,0.524382,0.553888,,417.58,501.97,919.55,1309668199.53,test_bitmod_x38_y16.log
BitMod (Bit-Serial),gpt2-xl,38,16,1847650.0,0.553888,0.494397,0.524382,0.553888,,539.8,638.76,1178.56,2177566037.89,test_bitmod_x38_y16.log
BitMod (Bit-Serial),microsoft/phi-2,38,16,55290440.0,0.553888,0.494397,0.524382,0.553888,,16322.37,19660.33,35982.71,1989499837188.35,test_bitmod_x38_y16.log
BitMod (Bit-Serial),facebook/opt-2.7b,38,16,55241069.0,0.553888,0.494397,0.524382,0.553888,,16307.85,19642.45,35950.3,1985932934779.1,test_bitmod_x38_y16.log
BitMod (Bit-Serial),meta-llama/Llama-2-7b-hf,38,16,137830050.0,0.553888,0.494397,0.524382,0.553888,,40756.81,48778.43,89535.24,12340646769870.37,test_bitmod_x38_y16.log
BitMod (Bit-Serial),gpt2-large,62,16,1424247.0,0.903712,0.524153,0.524382,0.903712,,417.58,510.02,927.59,1321123464.59,test_bitmod_x62_y16.log
BitMod (Bit-Serial),gpt2-xl,62,16,1847650.0,0.903712,0.524153,0.524382,0.903712,,539.8,655.22,1195.02,2207984217.05,test_bitmod_x62_y16.log
BitMod (Bit-Serial),microsoft/phi-2,62,16,55290440.0,0.903712,0.524153,0.524382,0.903712,,16322.37,19441.83,35764.21,1977418682916.6,test_bitmod_x62_y16.log
BitMod (Bit-Serial),facebook/opt-2.7b,62,16,55241069.0,0.903712,0.524153,0.524382,0.903712,,16307.85,19424.63,35732.48,1973900332928.28,test_bitmod_x62_y16.log
BitMod (Bit-Serial),meta-llama/Llama-2-7b-hf,62,16,137830050.0,0.903712,0.524153,0.524382,0.903712,,40756.81,48273.67,89030.48,12271075678796.96,test_bitmod_x62_y16.log
BitMod (Bit-Serial),gpt2-large,90,16,1424247.0,1.31184,0.485433,0.524382,1.31184,,417.58,524.86,942.44,1342260251.66,test_bitmod_x90_y16.log
BitMod (Bit-Serial),gpt2-xl,90,16,1847650.0,1.31184,0.485433,0.524382,1.31184,,539.8,681.28,1221.09,2256145149.35,test_bitmod_x90_y16.log
BitMod (Bit-Serial),microsoft/phi-2,90,16,55290440.0,1.31184,0.485433,0.524382,1.31184,,16322.37,19282.37,35604.75,1968602227911.37,test_bitmod_x90_y16.log
BitMod (Bit-Serial),facebook/opt-2.7b,90,16,55241069.0,1.31184,0.485433,0.524382,1.31184,,16307.85,19265.89,35573.74,1965131204646.57,test_bitmod_x90_y16.log
BitMod (Bit-Serial),meta-llama/Llama-2-7b-hf,90,16,137830050.0,1.31184,0.485433,0.524382,1.31184,,40756.81,47799.96,88556.77,12205783500893.37,test_bitmod_x90_y16.log
MixPosit (Bit-Serial + Mixed-Precision),gpt2-large,66,16,1480797.0,0.293568,0.516852,0.524382,0.293568,,427.64,313.73,741.37,1097825144.61,test_flexposit_x66_y16.log
MixPosit (Bit-Serial + Mixed-Precision),gpt2-xl,66,16,1896395.0,0.293568,0.516852,0.524382,0.293568,,551.98,403.82,955.8,1812567187.0,test_flexposit_x66_y16.log
MixPosit (Bit-Serial + Mixed-Precision),microsoft/phi-2,66,16,60744782.0,0.293568,0.516852,0.524382,0.293568,,17906.17,12621.23,30527.4,1854380109207.39,test_flexposit_x66_y16.log
MixPosit (Bit-Serial + Mixed-Precision),facebook/opt-2.7b,66,16,66226156.0,0.293568,0.516852,0.524382,0.293568,,19549.9,13682.63,33232.53,2200862584411.1,test_flexposit_x66_y16.log
MixPosit (Bit-Serial + Mixed-Precision),meta-llama/Llama-2-7b-hf,66,16,172147670.0,0.293568,0.516852,0.524382,0.293568,,50899.24,35577.23,86476.48,14886724002823.0,test_flexposit_x66_y16.log
BitMod (Bit-Serial),gpt2-large,48,16,1424247.0,0.699648,0.520647,0.524382,0.699648,,417.58,503.77,921.35,1312228688.62,test_bitmod_x48_y16.log
BitMod (Bit-Serial),gpt2-xl,48,16,1847650.0,0.699648,0.520647,0.524382,0.699648,,539.8,643.67,1183.48,2186653547.85,test_bitmod_x48_y16.log
BitMod (Bit-Serial),microsoft/phi-2,48,16,55290440.0,0.699648,0.520647,0.524382,0.699648,,16322.37,19493.12,35815.5,1980254704266.56,test_bitmod_x48_y16.log
BitMod (Bit-Serial),facebook/opt-2.7b,48,16,55241069.0,0.699648,0.520647,0.524382,0.699648,,16307.85,19476.13,35783.98,1976745198075.56,test_bitmod_x48_y16.log
BitMod (Bit-Serial),meta-llama/Llama-2-7b-hf,48,16,137830050.0,0.699648,0.520647,0.524382,0.699648,,40756.81,48428.14,89184.95,12292365609105.79,test_bitmod_x48_y16.log
